"actual SRS","(0.2, 54.6)","(0.2, 41.97)","(0.2, 32.26)","(0.2, 24.79)","(0.2, 19.06)","(0.2, 14.65)","(0.2, 11.26)","(0.2, 8.65)","(0.2, 6.65)","(0.2, 5.11)","(0.2, 3.93)","(0.2, 3.02)","(0.2, 2.32)","(0.2, 1.78)","(0.2, 1.37)","(0.2, 1.05)","(0.2, 0.81)","(0.2, 0.62)","(0.2, 0.48)","(0.2, 0.37)","(0.36, 54.6)","(0.36, 41.97)","(0.36, 32.26)","(0.36, 24.79)","(0.36, 19.06)","(0.36, 14.65)","(0.36, 11.26)","(0.36, 8.65)","(0.36, 6.65)","(0.36, 5.11)","(0.36, 3.93)","(0.36, 3.02)","(0.36, 2.32)","(0.36, 1.78)","(0.36, 1.37)","(0.36, 1.05)","(0.36, 0.81)","(0.36, 0.62)","(0.36, 0.48)","(0.36, 0.37)","(0.52, 54.6)","(0.52, 41.97)","(0.52, 32.26)","(0.52, 24.79)","(0.52, 19.06)","(0.52, 14.65)","(0.52, 11.26)","(0.52, 8.65)","(0.52, 6.65)","(0.52, 5.11)","(0.52, 3.93)","(0.52, 3.02)","(0.52, 2.32)","(0.52, 1.78)","(0.52, 1.37)","(0.52, 1.05)","(0.52, 0.81)","(0.52, 0.62)","(0.52, 0.48)","(0.52, 0.37)","(0.68, 54.6)","(0.68, 41.97)","(0.68, 32.26)","(0.68, 24.79)","(0.68, 19.06)","(0.68, 14.65)","(0.68, 11.26)","(0.68, 8.65)","(0.68, 6.65)","(0.68, 5.11)","(0.68, 3.93)","(0.68, 3.02)","(0.68, 2.32)","(0.68, 1.78)","(0.68, 1.37)","(0.68, 1.05)","(0.68, 0.81)","(0.68, 0.62)","(0.68, 0.48)","(0.68, 0.37)","(0.84, 54.6)","(0.84, 41.97)","(0.84, 32.26)","(0.84, 24.79)","(0.84, 19.06)","(0.84, 14.65)","(0.84, 11.26)","(0.84, 8.65)","(0.84, 6.65)","(0.84, 5.11)","(0.84, 3.93)","(0.84, 3.02)","(0.84, 2.32)","(0.84, 1.78)","(0.84, 1.37)","(0.84, 1.05)","(0.84, 0.81)","(0.84, 0.62)","(0.84, 0.48)","(0.84, 0.37)","(1, 54.6)","(1, 41.97)","(1, 32.26)","(1, 24.79)","(1, 19.06)","(1, 14.65)","(1, 11.26)","(1, 8.65)","(1, 6.65)","(1, 5.11)","(1, 3.93)","(1, 3.02)","(1, 2.32)","(1, 1.78)","(1, 1.37)","(1, 1.05)","(1, 0.81)","(1, 0.62)","(1, 0.48)","(1, 0.37)"
45,54.8754920763107,49.6770097702744,45.1249719770449,40.2677720382142,34.6677348488276,31.3178430465966,28.6581415526687,27.0491725759564,26.7223697845664,26.8478751750336,27.5061286921997,28.1743606400197,28.7419425455049,29.1424718208565,29.234257065279,29.2744176872708,29.3115204752366,29.3646263465802,29.360386071109,29.3500805509072,55.5828571428571,55.5828571428571,55.5205912893753,49.9712722896514,44.9452100587658,40.9932231829191,36.2606628061851,32.8795988991575,29.5690371920811,26.5942975684898,26.1868959467232,27.3150202322058,27.9603977738719,28.0031937228668,27.6047133266003,26.8762059701144,26.4514580712221,26.3308280418302,26.2290183399084,26.1455080413851,55.5828571428571,55.5828571428571,55.5828571428571,55.5828571428571,52.0817242063722,46.0452902569495,41.528433310156,38.5348004012976,35.3905756721771,32.4706136335906,29.6177174747785,27.290998780042,27.9381768606356,29.0028683731718,29.4653109427703,28.7772893645515,27.7442252143799,26.9345433182976,26.2993202240621,25.8285639405056,55.5828571428571,55.5828571428571,55.5828571428571,55.5828571428571,55.5828571428571,52.0443636483587,45.7084587034029,41.3340089626519,38.1823730743247,36.0279078272733,34.5097739876176,31.8182660970614,29.4996186325771,29.9450184113754,30.5005848254205,29.925092315125,28.3426500855374,27.0488901851902,25.8220812221388,25.3878782823685,55.5828571428571,55.5828571428571,55.5828571428571,55.5828571428571,55.5828571428571,55.5828571428571,50.4169506405568,44.2911536949882,40.5938808179967,37.4260819165631,36.2123845678983,35.859011280759,32.6588142828332,31.622009926373,32.6186960420611,31.4197736889556,29.3901938040319,28.2912418018095,27.158899810727,26.6506823442841,55.5828571428571,55.5828571428571,55.5828571428571,55.5828571428571,55.5828571428571,55.5828571428571,55.1849309784982,47.9690396884003,42.6237456547872,39.5205168147004,36.7242901665031,36.8406635552713,36.02881646436,33.2898920575552,33.306073375543,33.835989762249,32.5852125858853,27.7785644353402,25.0826596398318,24.9548939095925
18,55.5158007932575,53.5645504388533,54.2875052702772,54.4993164031671,52.2550867309466,50.9819166969412,50.719455160319,49.4645025483192,47.8612256101958,46.5920649988448,45.2504770333432,44.1270578111632,43.5349852292665,41.8888927691428,40.2329527260175,39.0774210609084,38.437834623111,37.9266069685229,37.5819207144459,37.3157635416486,55.5828571428571,55.5828571428571,55.628017716179,53.7392028665267,54.7161570828178,56.5725387077079,55.3892310493631,53.055422532856,52.6248999292418,52.1852475116855,49.1055945588325,46.3087898213853,43.1810437452889,40.2832536144365,37.7569347682273,36.0673010704676,34.8640939005857,33.8476383843788,33.0517780002656,32.461847573017,55.5828571428571,55.5828571428571,55.5828571428571,55.5828571428571,54.7755520728714,54.1566826245317,56.6116533287885,58.5570092564747,55.6883116481426,54.1951575228115,54.4017490433371,51.7270079785343,46.1533495274312,44.085028402479,41.2811901240757,37.9267864970648,34.9447241857189,32.9571779051226,31.8736677540195,31.294128759153,55.5828571428571,55.5828571428571,55.5828571428571,55.5828571428571,55.5828571428571,54.8781513118971,54.4760156857475,57.1759043984802,59.9226005687468,57.5355826491224,55.7003268258681,55.6161135568301,53.1732264653602,48.3306109488407,45.6783995727007,43.8685461320531,40.3283737624634,37.126562648117,34.5369070006576,33.1007553633628,55.5828571428571,55.5828571428571,55.5828571428571,55.5828571428571,55.5828571428571,55.5828571428571,54.3683283436778,55.5423925392679,58.5199972359349,60.7297973823708,58.3199551405436,57.4065860391879,56.2307245248949,53.7049753013006,50.5835551653749,47.6083423793995,45.4548305144344,42.2905038330631,39.3487464336213,37.7315464275434,55.5828571428571,55.5828571428571,55.5828571428571,55.5828571428571,55.5828571428571,55.5828571428571,55.7246860226251,53.8208274235447,57.0398633301462,60.4196427636607,61.3383401083435,59.5056961201741,59.4925297068147,57.1519697445483,54.6698912785666,52.436370893749,49.3806406110494,45.9419536140683,42.2815770587122,40.9115857016042
77,55.958541756006,61.0212448549111,67.2925064940743,74.6778596738554,82.4882550890909,88.5322842477857,91.1832061792667,91.6161375831941,91.979815435009,91.4394880211871,89.414791990993,87.8699204193395,86.9508243899911,86.5776070919839,86.3033656252087,85.6494121674227,85.3617232593461,85.08661315092,84.9194543880312,84.8343210232138,55.5828571428571,55.5828571428571,55.6198749869494,60.2047349441219,67.0480325609973,74.1639706922091,83.2989149736464,89.130609826009,91.7267366581237,90.8930970792886,89.3848101949154,88.0860855456837,86.3172234434232,84.8561855464352,83.6655310377338,82.7722193037159,82.2344259203244,81.4914927925061,81.2087783105216,80.8704729663188,55.5828571428571,55.5828571428571,55.5828571428571,55.5828571428571,58.1876385094933,64.2881447704472,72.2780105772373,81.1291815917493,87.9193772155666,90.4294259086851,91.0468459240545,88.6956691129675,86.1915371845259,83.707721816602,81.4838782965902,81.8292917339924,80.7410456707123,79.6278164804345,78.7501985927804,77.6431993007817,55.5828571428571,55.5828571428571,55.5828571428571,55.5828571428571,55.5828571428571,58.1596485913701,64.452395743062,72.7936507262368,81.538335348481,87.8706502953708,89.6895206458599,90.292242663156,88.1766017140724,84.4843753427321,81.1370590984059,79.0461140847525,78.2350209525442,77.1229465843502,75.6351572934986,74.7346894266417,55.5828571428571,55.5828571428571,55.5828571428571,55.5828571428571,55.5828571428571,55.5828571428571,59.6639559917963,66.6475634592474,74.8089444789019,83.7428564321192,88.2760960772592,89.3525433191317,90.0784864008988,86.6974883674746,82.9591423188936,80.4028728225409,79.5863606998428,79.6578555700278,78.2127151187627,77.1413590763125,55.5828571428571,55.5828571428571,55.5828571428571,55.5828571428571,55.5828571428571,55.5828571428571,55.6908839968208,62.056757516526,70.1009029165083,77.8144017484669,86.3664880319558,88.6716392827884,89.0503770706071,88.749292023091,85.0232243724968,81.9910338432559,79.9060434747239,78.9736860335331,79.1612622084583,77.810612890856
125,54.7410598933747,53.2742675484781,49.9613755844179,50.0059578342874,57.4316331698137,62.832766765202,68.8371003329074,74.3111972033692,78.682447894127,81.2105906753756,82.8701525482518,84.2037850231168,85.3021739436186,86.1394838280128,86.4622845665183,86.566749692737,86.7244174712453,86.8414602914901,86.9069341818124,86.9621968045815,55.5828571428571,55.5828571428571,55.3989582977931,52.6702818356865,49.8237256045589,48.0587027375335,55.8675917782968,64.6111873686424,68.089378772194,72.480378123153,79.918568738181,84.7897515550068,87.759184426372,89.9231057042779,91.8472667972614,92.8126576829991,93.1028852124669,93.7634037753671,94.4471659224366,95.0585380810875,55.5828571428571,55.5828571428571,55.5828571428571,55.5828571428571,53.0726898793915,50.7804641236487,46.4217229360423,51.5584828781702,62.7975457630826,69.8446708351986,71.9672777336726,79.6424748816459,85.6940249877359,88.3266852410706,91.9933898127089,94.5996167251263,97.6446299282121,98.5194958082359,98.7473444533452,99.2956934470501,55.5828571428571,55.5828571428571,55.5828571428571,55.5828571428571,55.5828571428571,52.9783263350346,50.4477553107391,45.945490422383,50.4943101760311,62.0935678392006,71.6637417002375,75.6620158345013,82.7325990265562,88.3735580238375,91.1177683532228,93.5728393432851,97.2837602968573,100.219995349435,102.827265712096,104.33276289633,55.5828571428571,55.5828571428571,55.5828571428571,55.5828571428571,55.5828571428571,55.5828571428571,52.3223364680356,49.1384077790844,45.6214252294884,51.6354305655778,63.924555134611,73.9095955963172,79.985973397407,86.9778277298757,91.3472095199805,93.585298466663,95.6467555857344,98.942171168751,101.244070097844,102.988005406968,55.5828571428571,55.5828571428571,55.5828571428571,55.5828571428571,55.5828571428571,55.5828571428571,54.871410408709,51.7145780431675,47.5314310360041,46.3062749385293,54.7043430998981,67.2078609019302,76.5858946992002,84.7780067394236,89.6904141827629,93.5505649447275,97.317096253065,98.5209110195672,100.96193547177,103.049034581493
73,55.9504781298249,56.423303831659,56.6412692161473,59.4817026990841,65.3509687035048,67.4554448901331,69.364724729829,71.6296055927497,73.067924092925,74.1169628947724,74.7654566077752,74.0559985797403,73.7632287477228,73.4593055700841,73.1799574962362,72.756705380378,72.6391704586053,72.5843541278174,72.4867190936069,72.4354502082457,55.5828571428571,55.5828571428571,55.7153256984603,55.8282126435898,56.4583303227003,58.1773980072881,64.1475148791352,67.9835595117987,68.4950342945007,70.5869011797662,70.2484700245706,70.3011697922272,70.3119824646298,69.9317427583279,70.0382916323399,70.537116433391,70.8884673578595,71.1253881079152,71.7200076245271,72.046540417176,55.5828571428571,55.5828571428571,55.5828571428571,55.5828571428571,56.1920889932242,56.4551110529044,57.2924766046823,60.9104857332233,67.0237665578956,66.151862020272,66.3920619274396,66.9539652040489,65.2435393304476,66.3366760878108,66.3537382391144,67.0009774760725,67.9556975532128,67.6832518963183,67.5867118683221,67.2216948792339,55.5828571428571,55.5828571428571,55.5828571428571,55.5828571428571,55.5828571428571,56.3506521946884,56.5539527141899,57.71322344247,60.7976008260595,66.3505536353167,64.7125977666679,63.4160134178234,63.1514499753651,62.964505923058,63.0333813536441,63.2511628587297,64.8757999857994,67.0862983381398,67.7567910778202,68.069722995733,55.5828571428571,55.5828571428571,55.5828571428571,55.5828571428571,55.5828571428571,55.5828571428571,56.1114115938028,56.5626565093557,57.9661006205072,61.9372731767902,66.7267847012593,62.5604687256105,61.0907082022853,59.0537270628843,61.089729398719,63.0026635777019,65.4551675028292,67.1858158979652,68.1386552239412,69.1228263493647,55.5828571428571,55.5828571428571,55.5828571428571,55.5828571428571,55.5828571428571,55.5828571428571,56.1879524344164,56.0777730717688,57.0344625583132,59.1167036083119,64.2347784358224,65.5070715238642,59.8565516491368,57.4464679520624,56.6153537943343,60.4514892769036,63.1064654263543,64.0671907536755,65.6860469047517,66.3764957559154
12,55.6389466533329,55.6882412264426,56.680189583324,54.5184613633125,46.6707642394592,37.2391221420013,30.3349586513641,25.2311854012263,21.2929833556272,18.90091646791,17.7194996891406,15.7226443716445,13.6222492362086,12.070984355584,11.0834520927565,10.4131568728061,9.80657540393768,9.49373551779457,9.16876355787448,8.93821935362411,55.5828571428571,55.5828571428571,55.521688770835,55.9609242080526,55.4574664546463,54.3666123560445,46.3892659688465,35.4021894095954,27.6959804941089,20.655962876348,16.3431717327277,14.4473603366774,13.7465725651215,13.1314825085988,12.5607812096876,11.7848883000612,11.4884458022287,11.391927011373,11.3134327332917,11.267904252334,55.5828571428571,55.5828571428571,55.5828571428571,55.5828571428571,55.8207497309936,54.9496468154688,54.6556704108235,48.0723374992195,38.1351748821913,28.8276207932498,21.8340319708749,15.250167011885,12.9676192054391,11.5690193712303,10.8573326012282,10.3779078831827,9.68357440943235,8.84535522840077,8.5116479153742,8.18974130343886,55.5828571428571,55.5828571428571,55.5828571428571,55.5828571428571,55.5828571428571,55.8274762055863,54.4706544565817,54.1436062084515,47.3989477412241,37.7963408497785,28.928524383751,21.0946261666733,14.4070689174714,11.4544906843139,9.7278605945055,9.29487901593011,8.27081133319265,8.00234524709153,7.83744367335517,7.89162123145701,55.5828571428571,55.5828571428571,55.5828571428571,55.5828571428571,55.5828571428571,55.5828571428571,55.7689530137871,54.0678829193315,52.4849581962673,44.9168263042275,36.1076062947028,27.7616408005473,18.8549646112682,13.2565036277295,10.4282342917967,7.80514090419098,7.0756537115558,6.21988212314747,6.26612659659005,6.61440429005524,55.5828571428571,55.5828571428571,55.5828571428571,55.5828571428571,55.5828571428571,55.5828571428571,55.4543508011475,54.9563468233044,53.345554590201,50.1378917208068,41.4802738256882,33.568723122943,25.7552805468059,16.991079798083,12.6584689419252,7.48302133686943,3.52444575212658,2.57113271452601,0.993772196065166,0.484182510818918
56,57.3930131557494,65.3921566832748,69.2784634346314,69.3260380017009,70.4885029510325,69.0032751311214,63.3311310120126,57.6155350543029,56.1972332549029,55.399924445445,54.120511767189,53.4365709787784,53.0578576012513,52.4278785292718,52.2630131700562,51.6376023089464,51.2429405512326,51.0855527753883,50.9464853489443,50.8450094066615,55.5828571428571,55.5828571428571,56.1057364410461,64.9418352452755,71.0532930476585,71.7670093772395,73.2522388407046,72.3017125811804,67.1805740110597,57.7413567034315,50.8557798234999,52.921859136708,52.4056973566077,51.1972159879147,49.3151932525819,48.1594548757598,47.8519823729916,47.633484829868,47.5828127316601,47.6743584255236,55.5828571428571,55.5828571428571,55.5828571428571,55.5828571428571,62.1272987681665,70.7042028041041,72.1534148947617,74.7986870697125,75.0162239024562,69.7272762125238,61.4299367613881,50.6838550711424,48.0041259834082,47.4002796267304,43.7515107489506,42.125934338228,41.183536858226,40.9557835568902,40.9233192499569,40.0618537629812,55.5828571428571,55.5828571428571,55.5828571428571,55.5828571428571,55.5828571428571,62.4201670247034,71.3627111748045,72.8863657160987,75.6189323602556,75.7309445010507,70.0321936489435,61.6021073953424,50.0590637755422,45.7336014415409,43.5111701825664,41.2016304862937,39.4451281970905,38.3681890187191,37.9624291652054,37.6904749399845,55.5828571428571,55.5828571428571,55.5828571428571,55.5828571428571,55.5828571428571,55.5828571428571,64.6703722854541,73.0208799456774,74.1165389652508,76.9455913872173,75.2103748482117,69.2841479273569,60.1857597257825,49.3477974091801,42.7056633051937,38.8908750404791,36.3081514317706,35.2853486170007,34.7365779678986,34.3974741371694,55.5828571428571,55.5828571428571,55.5828571428571,55.5828571428571,55.5828571428571,55.5828571428571,57.4076803981632,68.4575515822241,74.3703012191917,75.9761692594802,77.7103418764332,73.9776032308762,68.1134743029627,57.0087290898424,47.3502086556269,40.3898963988278,35.75923296333,33.1353646972818,32.7513493071163,32.9128734719254
2,55.9311165229319,57.2015398033937,62.0240336039156,63.2811832544391,62.1417904637135,63.9288726382097,66.5460533203174,70.3737288565106,72.6017501203368,74.387740665659,74.1522354533464,73.4401218185359,72.6055078652965,72.317769596291,72.466418657518,72.7505248679906,73.0267954226465,73.2077315456565,73.3066682313985,73.3701156396502,55.5828571428571,55.5828571428571,55.693880526783,57.2740641273533,61.9947113922608,65.1461065151852,63.9667692683711,65.3000393191776,68.8308619201992,73.058557400692,76.1999985234674,77.2343943166419,77.7260775109442,77.6086543777348,78.4571688744372,79.1130471674992,79.3288675867733,79.381171747443,79.5089953854807,79.5965287131397,55.5828571428571,55.5828571428571,55.5828571428571,55.5828571428571,56.8694872069937,60.2883558788922,65.7362338973291,65.7640823752071,65.36305442165,68.4377520985218,72.4380439792705,76.0492245543972,78.4597624864392,79.5575943238667,80.7699635443923,81.7425453557169,82.5290182904255,83.0797594833285,83.1777414873101,82.8696147913124,55.5828571428571,55.5828571428571,55.5828571428571,55.5828571428571,55.5828571428571,56.9031788648045,60.4231827406355,66.0174730785382,66.4936099263427,66.5747744309272,69.1139171568385,73.5006188178577,77.0079422164763,80.8962240968474,81.6596868655501,82.6079061096064,83.2761359783828,82.7828399496273,82.9776572335609,82.9595228315837,55.5828571428571,55.5828571428571,55.5828571428571,55.5828571428571,55.5828571428571,55.5828571428571,57.3097832361301,61.6254495366712,66.7455882341648,66.4807910369064,67.6634174291645,70.3043656466505,75.5436152819235,79.1296670011973,82.3120947969451,84.5865733535617,85.3503334330487,85.2661938171733,84.356943689877,83.1492356115987,55.5828571428571,55.5828571428571,55.5828571428571,55.5828571428571,55.5828571428571,55.5828571428571,55.925239291797,57.884634031403,63.6894507159268,66.9735983246389,66.225219444994,69.402526635391,72.8551595508675,77.7329453905911,81.7539524256091,85.0895756338413,86.6615589518709,86.6108274247745,85.1867908801764,83.8564476202668
77,55.207242148933,54.6730291011953,54.4833446572018,58.4668051202146,66.1525303655201,69.3886587306067,68.2006213637428,67.6941232250232,67.1312198246741,65.1412052416387,63.1306942609331,61.2364874840074,60.6044074948155,60.3387411576554,60.1712787758188,60.0305567794752,59.8497637396047,59.7432532274385,59.588217123248,59.466991439765,55.5828571428571,55.5828571428571,55.4549342472438,53.8378817427611,52.8542554902246,55.3042201839618,64.3113049446467,70.5538347417817,70.3210399096809,67.3831617623285,66.9163832901793,66.0171167094597,64.1754045309805,63.6099995731913,65.0331011145397,65.9209461282564,66.6746186633092,66.9135902682193,67.0352638215112,67.034226740471,55.5828571428571,55.5828571428571,55.5828571428571,55.5828571428571,53.930416378617,53.2897922375464,53.7513718312349,59.7654574670284,68.6600092957113,72.3834845740388,69.3962643461431,67.7989740124615,68.3481245543432,66.6592479274812,67.4659087134619,69.1283045338456,70.9125970368644,71.973251746224,72.7209735685775,73.1017434674678,55.5828571428571,55.5828571428571,55.5828571428571,55.5828571428571,55.5828571428571,53.7005345432383,53.154102585991,53.8886733897582,59.6216147821608,68.4062853789062,72.6613675345226,70.7463207539842,67.8958614722292,69.6736000915863,70.3957320452933,72.9194756315547,75.6781251863777,77.5252287438534,79.1448850177709,79.5718918264095,55.5828571428571,55.5828571428571,55.5828571428571,55.5828571428571,55.5828571428571,55.5828571428571,53.156330996754,52.8723255789977,54.3929186301836,61.6149412619055,69.489578702812,73.2863232397277,71.1965284295206,69.6874860840558,72.7857336192983,76.612476486381,79.6249742734513,82.5437087418296,83.9082701676527,83.8533670078957,55.5828571428571,55.5828571428571,55.5828571428571,55.5828571428571,55.5828571428571,55.5828571428571,55.092005954547,52.7705060932046,52.9367836625354,55.4639098403132,65.3153751676614,71.9097982991633,75.2048603424282,72.0270054607115,72.0350838302143,76.1681600334269,80.2053315008518,85.5631151477689,87.7801915730587,87.9363755154805
164,55.2206213736958,55.3430882246079,56.4014183513039,58.8241943681898,63.5938885665352,66.7437665361071,69.7740338561981,72.0446486746239,73.2236160701012,75.0056688622757,75.5716997181221,76.1578005414484,76.2128108041322,76.0269125095743,76.0752892574813,76.0296205115673,75.959259802105,75.9126607774441,75.9000132136707,75.9139723338596,55.5828571428571,55.5828571428571,55.5553120853531,54.8009552523371,56.7059953556599,57.8827179666376,61.6850197993342,62.9275900268548,65.7395555687823,68.1347187048994,70.4273719514236,72.9983204506296,74.4005141319402,75.6478927930782,76.5906682340094,77.0212261077679,77.184440527017,77.3525747155194,77.5749273538422,77.9030730241439,55.5828571428571,55.5828571428571,55.5828571428571,55.5828571428571,54.5431594935873,56.5345718676828,57.3811614521796,59.9413642801937,61.9974861010991,62.6900224469075,67.1297020663037,71.8673351415555,74.525642192235,77.0245346900999,78.506214689349,79.8941264283296,81.4541950777018,82.2354612030505,82.1466018616971,82.1097685690652,55.5828571428571,55.5828571428571,55.5828571428571,55.5828571428571,55.5828571428571,54.3652281665278,56.6225491822322,57.5265437640407,60.1304048388238,61.7218598519434,62.4572262835176,67.6689747040159,73.4037178192521,77.6667611304911,79.525225743152,80.9101337546989,83.0942839247874,84.7982652468475,86.1775373759056,86.6063783427686,55.5828571428571,55.5828571428571,55.5828571428571,55.5828571428571,55.5828571428571,55.5828571428571,54.2118420424432,56.9643218822324,58.2959956970457,60.9775996812564,61.5981808269549,63.2443598817886,69.5788970932426,75.9569162884876,80.7557181056369,82.2510616841335,84.1694817604123,85.8064705395484,86.4637027853984,87.2047389447059,55.5828571428571,55.5828571428571,55.5828571428571,55.5828571428571,55.5828571428571,55.5828571428571,55.3701185617752,54.9363881824193,57.2238324799844,59.0494177829004,61.9022729350962,61.8654205958614,65.281882268519,72.5298998899593,79.0140529965643,82.5024740652102,85.050311058612,86.7489770279824,86.8682330862769,86.9858754412582
52,55.5795928215175,56.8816964710421,56.9832608264651,53.9216531348615,51.3006245708671,49.7691223324499,49.5328330541073,49.2017206788542,49.981691395069,50.9017764405122,52.6159876193051,53.8312215591145,55.2614474321738,56.016902909305,56.369949418713,56.5704636385407,56.7419753130594,56.8296905950996,56.9771995836614,57.0622754364332,55.5828571428571,55.5828571428571,55.6440698363087,56.4139876108007,57.195623120211,54.5951937338868,51.6931822264616,49.9124682620469,50.6912688897504,50.7994361602119,51.6373317305987,52.7274020737233,54.1516869257725,55.1207176593519,55.9392400117932,57.2550197117281,57.8614950850804,58.4187981664753,58.8516599450765,59.2753738790448,55.5828571428571,55.5828571428571,55.5828571428571,55.5828571428571,55.7068929891144,56.8511831122547,56.8000113777633,53.3918889115147,50.6159943404604,49.9583340104476,50.2324886619676,51.3326744490336,52.7224962676909,53.2759062836679,55.4270383017814,56.8698520502144,58.7053882177169,59.9278344869334,60.8475139619639,61.7490645264098,55.5828571428571,55.5828571428571,55.5828571428571,55.5828571428571,55.5828571428571,55.5317943037619,56.8936460161208,57.3670528217896,53.6378134603511,50.6679329387686,49.3338624677165,49.276803520938,51.3715623707081,52.3327128784824,53.6538189369002,55.3717897201391,57.3480754869159,58.5701044325428,60.1796473115766,61.1941118661242,55.5828571428571,55.5828571428571,55.5828571428571,55.5828571428571,55.5828571428571,55.5828571428571,55.8564668742931,57.3604542931216,56.523435194388,53.1131170833394,50.3474920666068,49.0704046304886,49.6249399715033,52.6253539875509,52.9422410137204,55.122580340017,56.319575075205,57.5735059206486,59.7605128162276,60.762792471742,55.5828571428571,55.5828571428571,55.5828571428571,55.5828571428571,55.5828571428571,55.5828571428571,55.6512697261529,56.4490894283298,58.4341850084078,55.0431266311928,51.3033341211123,49.9904861547039,48.9405535366621,50.1778459524304,53.4820495333594,54.7660361820022,56.5731354820093,56.8966602170647,57.598182386969,58.6432416818406
99,55.126702930194,57.1211907040317,60.2737951519457,61.0519947357866,58.5972275027829,56.7735106255161,54.7698438510601,52.6225179440022,50.162391900885,47.9480431746859,46.5893946495059,46.273515365,46.3149909360429,46.9176851714905,47.1154381980823,47.3912462481727,47.3970174316868,47.4424973025495,47.5066631370679,47.5440792846869,55.5828571428571,55.5828571428571,55.4276127745754,56.635399839259,60.897307897559,62.92272299279,60.2584874493625,58.3476568737546,56.7461355844332,54.7344498021603,52.7375775134401,52.4356398557414,52.0734879311967,52.0558270614404,51.4071390037881,50.7670294212347,50.1624950542419,49.5818315447386,48.9857178596236,48.6326322145207,55.5828571428571,55.5828571428571,55.5828571428571,55.5828571428571,55.4378498607299,59.1068145927683,63.3855923237566,63.6696074495411,59.8127650892404,58.7642529761453,56.3639312479707,53.9681709602627,53.2096924060555,52.8479552463011,52.7262157784443,52.9335476986564,52.7434955885444,52.2540863616025,51.5554768445761,50.4168889488511,55.5828571428571,55.5828571428571,55.5828571428571,55.5828571428571,55.5828571428571,55.1332385352907,58.9994778211942,63.841416523697,64.6192718116522,61.2424801934528,58.8873632797123,56.6734972071856,55.3224954666001,53.8770352534893,51.9377781650213,51.2230534223862,52.2084986743167,53.006315456159,54.8417470440692,54.9267007852342,55.5828571428571,55.5828571428571,55.5828571428571,55.5828571428571,55.5828571428571,55.5828571428571,55.7580140752709,60.531963220333,64.6577908966263,64.4709709866255,61.8057293062423,58.5930344501936,57.5205227643131,57.3249229252708,54.5404499945785,51.2394913237772,49.7765555614294,51.4006873399517,52.6774026804904,51.8134033924114,55.5828571428571,55.5828571428571,55.5828571428571,55.5828571428571,55.5828571428571,55.5828571428571,54.9508786292857,56.5864285450084,62.6327841956899,65.3508592830022,63.0349529489633,61.7578500228261,58.7381226027313,59.1377777661646,58.8706798303822,55.3116570655698,52.8353414877498,51.1043399902203,51.0107732330973,50.4604551106611
53,55.8282643122555,57.0838410784071,58.7427826141887,62.6140402605224,66.3432693304177,71.0348536777318,74.2914509906913,76.2165084989581,78.6166877440955,80.2060069491332,80.5706083839349,80.6342407425088,80.6242792604383,80.189608111299,79.976562366801,79.7148620797394,79.7837224808165,79.8833060506071,79.9049304051045,79.9247503370682,55.5828571428571,55.5828571428571,55.5528628397074,57.2170310118997,58.1741714278965,62.2536242652271,66.0920544104202,70.6527901675161,74.4271878439081,75.2629803312822,75.6944968687777,77.1278203700407,78.2799686008427,77.5459771842304,76.2836196681833,76.640445730201,77.2776357555988,77.4995498779867,77.5555689128186,77.6946696076507,55.5828571428571,55.5828571428571,55.5828571428571,55.5828571428571,56.9509212265346,57.5775191930936,60.5243800456321,64.3062986598119,68.0201963095563,72.8617438524347,74.8912706779247,75.4705137377752,74.9010294986133,74.7159196169038,73.7633790801252,72.7250713630313,72.6155714661219,73.2625627675343,73.6088713155954,74.1679232659039,55.5828571428571,55.5828571428571,55.5828571428571,55.5828571428571,55.5828571428571,57.0320465620831,57.7945017460852,60.2807666326284,63.8206804904733,67.5775930879039,72.6792541525111,75.3568006089957,75.112262547002,73.7238956358486,71.9223579797518,70.4862970717447,70.1666722777976,69.7102682641224,70.2434096955867,70.6416510166696,55.5828571428571,55.5828571428571,55.5828571428571,55.5828571428571,55.5828571428571,55.5828571428571,57.6168669771491,57.8715944164608,60.6585613600669,64.2449832221044,68.3643750905397,73.9590858652089,75.7139930864299,76.3066697847108,73.537675171344,72.1156764292503,70.757743016336,69.1878672560003,69.6413629156978,69.7943794541316,55.5828571428571,55.5828571428571,55.5828571428571,55.5828571428571,55.5828571428571,55.5828571428571,55.5589742442389,58.1992340710265,58.6734126186566,61.7115326907138,65.3813077471223,70.7923882962075,77.0132777831851,77.1933552968063,76.5125638698114,73.4911534858861,72.7980682027408,70.661207032128,69.2720203599002,69.7757475301049
78,56.1966517500692,60.7259820773321,67.4583549831378,74.6547617991056,78.9033823039429,81.941901647786,81.3849967027571,80.3746094510915,79.5422448447487,78.9555711902075,78.8158044031772,77.3707117666366,76.1599514905597,75.5106836419031,75.1820039983887,74.6210770732689,73.8070380652213,73.2211258069155,72.809834622411,72.5724603948313,55.5828571428571,55.5828571428571,55.7508864620602,59.6105025871648,66.8935456197287,76.4828583090743,82.6985697863883,87.9376443455466,89.4331110312932,89.2040787394547,88.4051834945235,85.3948070601175,82.2146061701755,80.7388539133872,80.7026881735677,81.0953272997963,81.2560528720296,81.0777940704553,80.7637245112107,80.5404055882248,55.5828571428571,55.5828571428571,55.5828571428571,55.5828571428571,57.7663854917606,63.3459059324094,73.8383065998553,82.5308518043964,88.8852764581515,92.837006477786,91.3340316273051,91.9530006922607,90.2099996685931,85.1991753195304,81.9500602313242,81.3846955346127,81.9306494281713,81.2437399570854,80.9130539199734,81.3415370332373,55.5828571428571,55.5828571428571,55.5828571428571,55.5828571428571,55.5828571428571,57.8001920204887,63.3983319544587,74.3328148405066,83.7190989147154,89.9102085729113,94.1120242728584,93.0580389246566,93.0816428965593,91.7072949437305,86.9670172280769,84.6096838956879,84.1838611986165,84.9143883554401,85.9649750778167,86.2487912920873,55.5828571428571,55.5828571428571,55.5828571428571,55.5828571428571,55.5828571428571,55.5828571428571,58.6030481524403,65.6755285063638,77.2472966747918,85.6811641818987,92.1052203850934,95.4854068054842,94.0481754459071,95.0572640514839,93.4111823194897,89.2224928049004,87.4690683004101,86.885423082621,87.7712521745626,89.1367742072559,55.5828571428571,55.5828571428571,55.5828571428571,55.5828571428571,55.5828571428571,55.5828571428571,56.2425814843313,60.8058983526249,69.7467109069146,81.7400063914539,88.2006815413987,94.0997320094666,96.9509698370542,95.553244004426,95.6065648746053,93.4236238344369,90.2870622091933,89.8075877944754,88.5650012878329,88.9145025388668
7,55.0417449409298,52.7111556396853,58.1238067846016,60.9077473146711,63.8844394981374,66.4363056603094,67.7931786293013,68.6598493586782,69.4667807712752,70.8152953343204,71.058743689658,71.4707541083154,71.991113499667,72.3990278070023,72.6622932655386,72.8513771028966,73.1255118511589,73.388626342449,73.5401544147858,73.680793550295,55.5828571428571,55.5828571428571,55.4021248540867,52.5378438819264,57.3561093296566,62.1812018692598,63.7239494182902,65.0057626718101,68.9642771101454,70.8430966585948,71.8350267787697,72.4926039757115,73.4837660432089,75.4099793356112,77.3752949181156,78.5330036446837,79.2042686047049,79.7902874205938,80.2558811808485,80.587015084686,55.5828571428571,55.5828571428571,55.5828571428571,55.5828571428571,53.566287117158,54.1908088679935,61.7011443196289,63.7820401322945,65.3931312959651,67.0974027140064,71.3418031393469,72.3368779820053,73.5535410912408,74.9789929754558,76.0869583768633,77.9292631782966,79.8085329923846,80.2738363623228,80.4460652863171,80.4070530477343,55.5828571428571,55.5828571428571,55.5828571428571,55.5828571428571,55.5828571428571,53.4729453026184,54.051007536633,62.2037102601707,64.7832977122442,66.4107508677827,67.6332585334844,71.1148874536717,73.022898739087,74.5050715106766,75.1644276323591,77.157370371059,78.6657077407754,79.7047557384956,80.8854528119728,81.6431186426195,55.5828571428571,55.5828571428571,55.5828571428571,55.5828571428571,55.5828571428571,55.5828571428571,52.7466167022722,55.8065666572008,63.4953977856119,65.6789609520015,67.6612017849246,68.2226352982414,70.9169928815545,72.6580653739571,73.5509188687143,74.4925474832887,77.6546009305505,80.2048596003873,81.2664229062768,81.3795351142708,55.5828571428571,55.5828571428571,55.5828571428571,55.5828571428571,55.5828571428571,55.5828571428571,54.9717095111007,51.7948120530232,59.2361115666731,64.9784196943818,66.8223243859426,68.6510724368196,68.2881185527804,71.3674883116444,73.2230552615648,72.3721153883637,73.3218989726562,76.0435832011231,77.4961076864024,77.7702642470851
10,55.2027576843326,53.9318626225607,54.0170029173603,55.3279483829172,58.0289165320874,60.2949398919148,63.2335457890988,65.8956463745079,68.8926480703006,70.5736974103793,72.3797227172609,74.2019353482202,74.9573156063677,75.880721978165,76.5638035757202,76.9691482760427,77.1566591786864,77.3365347457422,77.4415558108561,77.5456007112486,55.5828571428571,55.5828571428571,55.4948743631621,54.0327030545339,53.4347788748649,54.4832859184161,57.0974001370819,57.7912629079701,60.087327700996,63.295103002296,66.5258117159076,68.8228585025113,69.5434439624725,71.2254746726389,72.9612390079564,73.9571072601356,74.6042834941136,75.2242513895138,75.5724816278894,75.690141953818,55.5828571428571,55.5828571428571,55.5828571428571,55.5828571428571,54.4349246321199,52.8320455420506,53.8106897180331,55.552872691831,56.9074320116624,58.1602009226,61.8794647384554,65.3708010298694,69.4654240659381,69.161368625008,69.4920035744478,70.9061235216175,72.2181867556658,73.2736119794139,73.9155130423652,74.1479018555725,55.5828571428571,55.5828571428571,55.5828571428571,55.5828571428571,55.5828571428571,54.3049825826906,52.6592305721614,53.6192670987184,55.2879335206702,56.3461925217328,58.3145124889746,61.6851199118848,65.706480996001,70.089800560005,70.1122346444329,68.7620640011152,68.116803757833,68.1538335045645,68.5651557682337,69.0698138751824,55.5828571428571,55.5828571428571,55.5828571428571,55.5828571428571,55.5828571428571,55.5828571428571,53.9601073559074,52.8983053283248,54.0833649771948,55.8174387597723,56.2275542508139,58.2824084663018,61.8720385285242,66.6181101139705,70.1376317733793,68.4814195192524,66.5734619163014,65.6456355573351,65.3211963274254,65.8405648726155,55.5828571428571,55.5828571428571,55.5828571428571,55.5828571428571,55.5828571428571,55.5828571428571,55.2191607945541,53.1464311457656,53.3884979023209,54.9535937882302,56.8071387283007,56.6620090181091,57.3849148626962,62.7931204467225,67.8119497370311,68.6284422232059,67.2409739812953,64.9698602863466,63.6655482556567,63.2159981980618
9,55.2414680115859,52.39734881845,50.7518272220285,47.1548327219761,43.7352311594531,42.2621557485284,42.2152806081228,41.7258950422174,42.3103167196534,43.9650481452617,45.3488503422448,46.9021171086833,48.4634745413013,49.242043123278,49.9324521215295,50.5079440224319,50.9835105980751,51.4075948037733,51.7984059563973,52.0880810368307,55.5828571428571,55.5828571428571,55.5304358958531,52.6229367955114,49.8359696573266,47.2701257772968,41.7108159097086,37.1897279143387,39.0552233133074,39.9506614051797,39.88757512741,40.6959759977331,42.5878579416706,44.602867190567,45.9932640014386,47.1433104949772,47.5373553560781,47.7860705296479,47.9052531525564,48.075634164807,55.5828571428571,55.5828571428571,55.5828571428571,55.5828571428571,53.774267777491,50.3668279300099,48.8195242246413,41.9696735614333,36.2860081717856,34.862265106419,37.9556479632682,39.4644054800764,39.9366261666774,42.7594609097911,45.1899234730343,45.9856273361014,47.0860505113916,47.3442719164964,47.8546338454604,48.244798054733,55.5828571428571,55.5828571428571,55.5828571428571,55.5828571428571,55.5828571428571,53.739889457499,50.2114410508684,48.6592346658359,41.5177280115215,35.1823911249059,32.9785319111618,35.1133491372576,38.7868017317096,40.3805964420529,42.6962590493008,44.0613067577127,45.8400564230673,47.2706576337356,47.6502820131083,48.1540265844214,55.5828571428571,55.5828571428571,55.5828571428571,55.5828571428571,55.5828571428571,55.5828571428571,52.8996249310163,49.36020227212,47.2513097022661,39.6966769050731,33.712652187613,31.9082634792148,33.7311774854744,38.0487261461708,41.8988675062516,43.0178983827249,43.4428528715647,43.9910598005969,45.72272967877,47.2605393003355,55.5828571428571,55.5828571428571,55.5828571428571,55.5828571428571,55.5828571428571,55.5828571428571,55.3765369655093,51.5002925869632,48.545182046347,44.8045212669309,37.0935565065746,31.9337205730894,30.4438928787845,34.0038057366135,38.7220268041528,41.7658935904653,43.3902535435482,43.2231625457429,43.7972355313395,44.9190902054202
31,55.9437331772384,60.6443441200015,60.3944159920567,58.6267018833568,57.1340821293353,55.1275935465193,50.2244210077666,43.6317466622636,36.4844200864084,31.8868020213762,27.7359350763684,23.5189660356148,21.1403100414022,19.927258839559,19.1682124089648,18.8401659921943,18.3700068983551,18.3111052895912,18.397082620768,18.4592265450513,55.5828571428571,55.5828571428571,55.4170130091484,60.2627910021461,60.2746030183766,57.580587349736,54.9527569498133,52.578688431265,50.3843219890521,43.063320481049,36.461669581607,30.1558759546476,26.8243453088113,25.0843074950347,23.8026422041619,22.0745959711435,21.3036148843176,20.5396686509257,20.2483719981328,20.0036969627334,55.5828571428571,55.5828571428571,55.5828571428571,55.5828571428571,58.1119683754408,60.9781951595009,57.0479661396698,54.1056965790552,52.2101063134396,50.8239498876935,44.8644162298747,37.7464354674373,30.7516162389881,27.3588025012543,24.7188665077952,22.8404064147221,21.1760643788052,20.5790933499368,19.8632849038278,19.0928490629407,55.5828571428571,55.5828571428571,55.5828571428571,55.5828571428571,55.5828571428571,57.9441680715254,60.9488326253127,56.3089220805816,52.8853426072251,51.799866921847,49.919398813119,44.1934611245522,35.8103127437637,29.7770719329303,25.7587641540976,24.1220519468278,22.9995556925623,22.7163732147972,22.2962723733785,21.4494488864824,55.5828571428571,55.5828571428571,55.5828571428571,55.5828571428571,55.5828571428571,55.5828571428571,59.2698649176764,60.0263523291395,54.1070569033752,51.4517726146963,51.3886225295685,48.8641606408323,40.5224078554303,33.2701529940852,24.845880657283,22.0572085545335,20.7583445694532,21.3366235790257,20.1473747623427,18.6018106340487,55.5828571428571,55.5828571428571,55.5828571428571,55.5828571428571,55.5828571428571,55.5828571428571,55.3043897865399,61.0332822826004,58.2912884586029,52.0809946460231,51.1576994331324,50.8435833950361,47.0849929795732,36.6427454789402,29.2780707250116,23.5560947594033,21.3803839815507,19.4800080254157,18.5017240245682,16.8868745940371
32,56.1490812266807,57.5753639284123,59.1042320974875,55.7069566630075,49.7547781153683,42.869349252412,37.0382217076841,32.1090347530735,28.6270583139179,25.4751584708787,23.1764205939906,22.6449893015019,23.2199726684961,23.2692736389887,23.0017237834185,22.8239703730703,22.7186939949789,22.5594568037011,22.4487224139765,22.3474562694722,55.5828571428571,55.5828571428571,55.7654919042973,57.5211282831395,60.5026207506027,57.7803212700483,52.3904360131248,44.6192465853423,37.6269986464167,32.7105591484057,27.2453613877817,23.7088963659469,20.380571830076,19.5009455817797,19.2111372888716,20.2736833637297,20.7637633281283,21.2554262238923,21.5950187492474,21.7050652614745,55.5828571428571,55.5828571428571,55.5828571428571,55.5828571428571,56.8562785101514,59.678862180907,60.8426398311242,55.6862403972736,48.6055264230229,39.8796053910412,34.8326043745939,29.2953242877066,25.0774494774885,21.4792204708397,19.4478118330671,19.3122205251441,19.1803554524876,19.3534113981301,19.6316675034172,20.0718948636356,55.5828571428571,55.5828571428571,55.5828571428571,55.5828571428571,55.5828571428571,56.94580062983,59.8786519080506,61.3900274759532,56.0966948694876,49.3107840723583,40.2535923263565,34.4751695143725,29.2415512982093,25.1556539012389,22.2924229961041,21.0772987254054,20.1656871436293,19.6433039358684,19.262198130873,19.3298200117852,55.5828571428571,55.5828571428571,55.5828571428571,55.5828571428571,55.5828571428571,55.5828571428571,57.2807165267083,61.1974111053818,60.3339037384935,55.3719530802948,48.2131259810512,39.0202652699984,33.1447332514911,27.1863305815356,24.4003434071745,22.9218264176896,22.4371269833742,21.4327484253813,21.264089654956,21.5416027283644,55.5828571428571,55.5828571428571,55.5828571428571,55.5828571428571,55.5828571428571,55.5828571428571,56.3228217861733,58.4284725476247,62.3717609172279,58.2256133851748,53.5939710940394,45.6702716723188,36.6138772520188,30.6160595767803,26.0192986667493,24.3887881905501,22.7710616278405,22.6766303566585,22.4778298399218,22.4853966042675
136,55.7454783069882,56.164156531087,56.9144032387821,57.8895554448313,57.8917330427973,59.7529161665886,61.4309857572778,63.7128604858749,64.6100184153693,64.0109389244456,63.080617255666,62.2217589462691,61.6266725426193,61.6471371304749,62.0368175998729,62.2996791321305,62.4108928701469,62.5447768249153,62.5076103428025,62.5122126345073,55.5828571428571,55.5828571428571,55.6837825482817,56.3983045669645,56.4086833087225,59.8273789080583,59.198203557738,60.0992078062345,62.3596574891008,63.394378664766,63.7029231042864,62.4044635927134,61.850662375053,61.3201865307544,61.5505221391482,62.3066141849845,62.6527919553329,62.6893075678052,62.6595123441922,62.7820519158827,55.5828571428571,55.5828571428571,55.5828571428571,55.5828571428571,56.0225115772243,56.2311852212616,59.3706467052555,61.0432816327844,59.7116163878332,61.1539419401988,63.5717733597674,64.5423703507286,64.463825603956,62.7435124191264,61.2235772986785,60.9899025561549,60.7911431528814,60.9191343065552,61.2348852663952,61.3546741664476,55.5828571428571,55.5828571428571,55.5828571428571,55.5828571428571,55.5828571428571,56.1649427313206,56.5064529748153,59.7725831252622,62.078078066414,60.2326183891252,61.7924638104766,64.4680260114077,64.8999523668688,64.4260379173331,64.4705860087916,63.0579887699985,62.1286193980303,61.9787863632539,61.4391346359144,60.9142762140135,55.5828571428571,55.5828571428571,55.5828571428571,55.5828571428571,55.5828571428571,55.5828571428571,56.3260425611532,56.1658321453329,61.483676654798,62.406381601335,60.3770082122411,63.3251054530949,65.2303170079053,65.8769145095492,65.2691818519432,65.020241984441,64.7025206163407,63.9492572882035,62.8995028098598,62.5815898752158,55.5828571428571,55.5828571428571,55.5828571428571,55.5828571428571,55.5828571428571,55.5828571428571,55.8700068646352,56.9498109329974,56.8198922871195,63.5854766893809,62.7347782826469,61.2662216061141,65.9981065720156,66.1947528802289,66.721332635346,65.9356913566757,65.2550390705021,65.3655376233766,65.979381950352,65.2923098669382
142,55.8204829469086,57.1988647465543,62.4439620478434,66.6954047932954,73.5681949672133,77.9375216397844,80.6891084821428,82.545465012979,83.6564537630023,84.7948109883073,86.5207658967521,87.6300274315186,88.4118666297531,89.0332412434817,89.2339765689514,89.5549838486181,89.8256139079929,90.1165996380043,90.265273729116,90.3746134302945,55.5828571428571,55.5828571428571,55.5884303457901,56.4435127081974,61.9383513896658,67.965711227173,73.4599752923786,79.8795638915233,80.4888268558662,81.6348026738397,83.7157250366317,85.2782439125801,86.6105955668019,88.7536253350555,90.5868284014911,92.7195227615475,94.269505287018,95.2785766574382,96.0983551128271,96.6301184524474,55.5828571428571,55.5828571428571,55.5828571428571,55.5828571428571,56.1173331784813,59.0225063596644,67.0109421803215,71.8405074415261,79.1626156509375,82.4091107342729,81.9729831198332,83.961373883369,85.6704568456892,87.2721615020504,89.0361127657149,91.2220359293729,93.1330524230949,94.7103767596552,95.7353923917379,96.6618148304482,55.5828571428571,55.5828571428571,55.5828571428571,55.5828571428571,55.5828571428571,56.137181297889,58.9667014615377,67.5629409835018,72.247662074115,79.4356986793223,83.5379746578313,83.193724898679,84.0701247284729,86.3570614593168,88.0183840371842,90.7884480348201,93.7095911275773,95.8768496449413,98.194512570201,99.684787983704,55.5828571428571,55.5828571428571,55.5828571428571,55.5828571428571,55.5828571428571,55.5828571428571,56.1265859738076,60.4896025692727,69.2933462719463,73.6428691395825,80.3990288449369,84.6360350360809,84.3929642118955,85.5365547011922,87.1399934072294,89.6286720262489,93.1601653742182,95.858294424843,98.7221372669673,100.183924035255,55.5828571428571,55.5828571428571,55.5828571428571,55.5828571428571,55.5828571428571,55.5828571428571,55.6655740561967,56.4882904694462,63.7521607201646,71.279561316426,76.4290175051091,82.4444200615071,86.6352257498277,85.8518790547017,86.7309310580429,88.5292480234464,92.6265660692714,95.183973383453,97.751917283129,99.04525942813
9,55.4140609487448,53.8869977071445,52.1244368457226,50.2219207423713,50.4217323307509,51.9074327904534,51.1686552821522,49.1542667047284,47.3416996557141,44.9004505727471,43.5061793395571,42.1312622091538,41.2297762591187,40.672030904597,40.2835809242943,40.067327270431,40.0943303561999,40.1439101875287,40.1029572365913,40.082765243365,55.5828571428571,55.5828571428571,55.5554375151238,53.7555075971295,51.4676650167433,48.2642497569784,47.9263059611403,48.7856861034812,48.2213149386278,45.7775159604845,44.5711591739784,43.1748179272409,40.6322900574266,39.7885612310365,39.7725340224936,40.0109485344525,40.3445328282231,40.6567622491621,40.8305729153918,40.8218164604335,55.5828571428571,55.5828571428571,55.5828571428571,55.5828571428571,54.5728673843715,52.2342504679503,48.2489209599762,47.1081754974524,48.2030119160059,48.8918709398954,46.5665866451633,44.4909610345881,43.862962404656,40.6748686019303,37.8117532574545,38.7637644566758,40.1618098288104,40.988445831006,41.4606334418546,41.7752152642547,55.5828571428571,55.5828571428571,55.5828571428571,55.5828571428571,55.5828571428571,54.6051096736234,52.0724847455486,47.7867294833074,46.613460536131,47.7427324755438,49.5130104327154,48.1564839569209,45.5875171225251,44.2306833502885,41.2254727155037,39.442350756762,38.6834635798187,38.7343453064703,38.801265087201,38.4990656425535,55.5828571428571,55.5828571428571,55.5828571428571,55.5828571428571,55.5828571428571,55.5828571428571,54.0343277140617,51.7168807163295,46.9145468599358,46.2302139181445,48.1616573584599,49.966196536227,48.1718215967806,46.4906270249629,43.5194582654028,40.3461592816112,39.1759852898684,38.6408221970154,37.2217259919443,35.6361282078489,55.5828571428571,55.5828571428571,55.5828571428571,55.5828571428571,55.5828571428571,55.5828571428571,55.55850098369,53.3660387763258,50.2995175865546,45.9253264110505,46.579719695042,49.3442715444936,50.7179555750578,48.4847265431486,46.4770629638444,42.5398609597629,39.7821276313375,40.2615743658183,39.1419602630329,37.6111663982054
6,55.1578886719393,53.767848403072,55.5526427084602,61.6550128320727,66.0766072724083,68.115980946876,70.0156032694898,71.5304007338723,72.8414214787613,73.8663282912816,73.8522356839405,74.2027909309976,74.3117729816926,74.1295096808864,73.8545228778477,73.5100764016656,73.4663052042841,73.4324087593887,73.4397192439013,73.4464733077802,55.5828571428571,55.5828571428571,55.4403698916279,54.1429003439664,54.1576161918196,59.3779370202656,66.2354306135337,67.6734356960317,69.4080111760997,72.7275610051013,74.3968749795628,75.0000363731821,75.1720293728684,74.9983718441617,75.1930277866235,75.2687908073401,75.3595585525188,75.265577078607,75.1696680631595,75.1784661190633,55.5828571428571,55.5828571428571,55.5828571428571,55.5828571428571,54.5625404449939,52.709249705738,56.4470368961244,63.3997728186651,66.7705820657462,67.4615840564588,70.5828308072209,74.5948028772532,75.2372604113904,75.9969687915009,76.2187281225559,76.3141101534652,76.4388198896938,75.9772090269653,75.7000104007649,75.2373013324854,55.5828571428571,55.5828571428571,55.5828571428571,55.5828571428571,55.5828571428571,54.5325315660876,52.4407731619491,56.2552888738623,63.1722220645223,66.0389118984002,66.6222931761485,69.5883871008077,73.8819441576407,74.7275031257535,74.9005422931455,76.115018721624,77.4191136298997,77.8578816432444,77.8711852756794,77.7977083065077,55.5828571428571,55.5828571428571,55.5828571428571,55.5828571428571,55.5828571428571,55.5828571428571,54.4026996059416,52.7770986191867,57.1549393180434,64.2389908772787,65.4141842876467,65.7187149932258,70.0719435449336,72.7928391988292,75.1501282561807,75.1083479285561,77.834299789505,79.3045167459334,79.3265827010573,79.513197009885,55.5828571428571,55.5828571428571,55.5828571428571,55.5828571428571,55.5828571428571,55.5828571428571,55.085443840728,53.6438113569292,54.1531996648773,59.4727593498767,65.0906632515999,64.6106414109969,66.002239786413,70.7781687971693,72.6706282346915,74.5333274822154,76.1437451740701,77.97119371075,79.4819991624607,79.3030642243684
7,54.5398202725679,49.0644769892172,46.2510665434954,44.7573163995114,42.1206533788393,38.0493127113342,35.8101466545215,33.6751454207448,30.529293744851,27.0358137372675,23.9748016651453,21.4929305226832,19.1668872654884,17.2690239417333,16.016875191681,15.1520596725304,14.4563530925228,13.8458204123449,13.3286566408679,12.9393414510306,55.5828571428571,55.5828571428571,55.2673409942793,49.7168389725497,46.3456316535589,44.1726896087434,42.6996074641287,39.7658333564685,36.3279876178104,33.2017823801405,31.0848165781295,27.8729745629426,23.7699444563526,19.7991893824967,17.4239277897594,15.639298648347,14.3525954564711,13.3218085684854,12.581136162285,12.1628971503724,55.5828571428571,55.5828571428571,55.5828571428571,55.5828571428571,51.6089215902082,46.6838206507666,44.4971904868812,43.0251118100797,41.7524011388081,38.1022068649226,34.5637997284106,31.8200554763807,30.2586370502497,27.4170051907648,23.9153847289615,20.9666650368719,17.9740800869987,16.0401858472673,14.6571029771559,13.7702217900549,55.5828571428571,55.5828571428571,55.5828571428571,55.5828571428571,55.5828571428571,51.5753488218935,46.4508065954351,44.0619292231315,42.7905266967348,41.460261835234,39.2097808082598,36.2297044845203,33.2372891441436,32.0287026382156,29.0139396775453,25.6808550094925,22.1764188970068,18.9241134508496,15.7839801311721,13.8671587290488,55.5828571428571,55.5828571428571,55.5828571428571,55.5828571428571,55.5828571428571,55.5828571428571,50.149027810184,45.8750623158344,43.5369694061781,42.0004052693472,40.9423023782588,39.5928293414962,37.0246900286184,34.4072117042335,32.9308201524253,30.2400112083402,26.8299722005083,23.2075764270435,19.4137539133473,17.1793392397829,55.5828571428571,55.5828571428571,55.5828571428571,55.5828571428571,55.5828571428571,55.5828571428571,54.6303834847589,48.1835991458968,44.892516238782,42.6535737573585,41.2838702453083,40.3823930855881,40.1220936054832,37.4819273603761,35.0888493651776,32.3813188664762,29.5816778855205,24.9858612508628,20.2074969919597,17.6804705561375
79,55.6737485818993,54.2520591941401,46.4344281239326,34.9090630324887,25.734833950579,19.9475088606458,16.3336978949656,12.6698500716874,8.52905022905313,5.04036812330673,3.4459006424545,2.83493070736188,1.40303107248226,0.406051395851406,0.100389675973624,-0.154716602563383,-0.37973246411309,-0.552552788081591,-0.688445515757948,-0.773279509136216,55.5828571428571,55.5828571428571,55.6863772183846,54.7264603159604,48.2456472312737,35.4051707640864,23.2394218763559,15.0358677561508,10.115255844688,7.6482267047285,4.61794993264879,2.34911347332481,0.178174167239433,-0.317033817964422,-0.86277261741985,-1.84279854136344,-2.07900976123888,-1.93340533118216,-1.90072692537839,-2.08501888243566,55.5828571428571,55.5828571428571,55.5828571428571,55.5828571428571,55.4519919702213,51.2897328149309,40.1917892527546,26.3386338600322,14.5586734345199,5.66017032780157,3.06550934615878,-0.608536875156922,-1.35974762772707,-2.43296304903266,-3.2960870190805,-4.30872213976615,-5.35408185951795,-5.61422164868807,-5.45397073968263,-5.16776968410306,55.5828571428571,55.5828571428571,55.5828571428571,55.5828571428571,55.5828571428571,55.6054678397256,51.0973897251368,39.9392636730787,25.521109019429,12.9817519296816,1.9331749654807,-1.10296569202828,-4.95650556219287,-5.12123335825359,-5.88845013068905,-6.69657631203034,-8.24865473998068,-8.77602217862961,-9.08765089571096,-9.0911415731409,55.5828571428571,55.5828571428571,55.5828571428571,55.5828571428571,55.5828571428571,55.5828571428571,55.2250797482775,49.4984396170292,36.5174953896497,22.2945286701926,9.60573047170634,-1.77288215537255,-4.74101272168587,-7.93087953490898,-8.38248639781342,-7.79553812172473,-8.63816717881496,-9.78799100370583,-10.5132059789657,-10.5800007849981,55.5828571428571,55.5828571428571,55.5828571428571,55.5828571428571,55.5828571428571,55.5828571428571,55.8755187017095,54.1548291098279,45.8633427640822,31.2670827869126,17.2167135169066,4.32262045488407,-5.56224614607285,-8.27881103373505,-10.4879691556669,-9.54076511193069,-9.607300200329,-9.78259232414957,-10.5050572740675,-10.4598798864111
19,55.8585812628029,57.4075899968443,63.7394747585857,73.4985372579901,80.3105392320905,84.1025872922182,87.3637310088487,89.4739873831652,90.0343817723361,91.372682920004,92.2944607888875,94.173661200814,95.8405588883878,97.3172099185264,98.5750732275653,99.1796948794583,99.6188215362932,99.8523481856749,99.9509965569198,100.029391751176,55.5828571428571,55.5828571428571,55.6695604558249,57.0623594393515,63.3589148182766,73.4261883876641,82.0905426078285,86.2066794733277,88.7195011888002,92.2918204006597,93.3929122651861,92.7670461534085,92.0356836688324,93.1826907417028,95.3677382030646,96.4194973734438,97.2580115997528,97.8123381853173,98.052541463081,98.2322540109975,55.5828571428571,55.5828571428571,55.5828571428571,55.5828571428571,56.6159332174545,60.714313409637,70.8054992239256,80.1588872841333,86.4404017657857,87.8435481257142,90.1612633387944,91.0855688590624,90.6667817026192,91.34116031989,92.8714995301932,94.7643519933014,96.2355160385188,96.8255088690426,97.5331476850551,98.0519847039995,55.5828571428571,55.5828571428571,55.5828571428571,55.5828571428571,55.5828571428571,56.5232371711305,60.7517413147497,71.5276451402498,80.9460309178188,87.1652142009952,88.0420307959438,87.8444515533487,88.7438048057854,88.6689135344681,88.7945638108481,90.0981489882535,92.0927882118028,94.1485776158073,95.459127744095,96.6703155842241,55.5828571428571,55.5828571428571,55.5828571428571,55.5828571428571,55.5828571428571,55.5828571428571,56.991929961067,63.0243469608959,74.3253411615025,82.8834336146772,88.479637538265,87.3940438993817,86.7469383672551,87.1922146913157,88.4017265239777,89.9020783871151,91.8803038793035,93.4241689596221,95.5319488848543,97.3981655523608,55.5828571428571,55.5828571428571,55.5828571428571,55.5828571428571,55.5828571428571,55.5828571428571,55.7703302013486,57.449349012858,66.4783421267182,78.3508237643658,85.4304662666037,88.6792731353026,86.9382768263549,86.0729219724958,86.6094652558481,88.3988724199037,90.6061662668198,91.4404589765334,93.5345819101616,94.4341977411813
82,55.7528626723807,55.9351572656785,57.0067447362052,58.537193105074,59.1815577084992,59.8784951994131,59.3879394273451,58.5272349688491,58.2481896940024,58.1895071162388,59.0287580925862,59.7312906865067,59.8081003184914,60.030425315526,59.914216360686,59.6750329289745,59.3756434247761,59.2786260601242,59.2565504215523,59.2547043307994,55.5828571428571,55.5828571428571,55.6129034553836,56.0320885345014,57.0726692549651,59.4110997080151,61.7468571469839,62.0046289503372,61.4483935760516,60.257243324158,58.9107806479032,57.3580755813907,57.2074355123142,57.7541863983207,57.5876235198995,57.4364773991197,56.9684030840789,56.6301752174561,56.3234170400139,56.118848425754,55.5828571428571,55.5828571428571,55.5828571428571,55.5828571428571,55.6572833645724,56.0776039379446,58.7668567247729,62.1954834168219,63.4974234144286,62.4543533041781,60.8317993709587,59.6956039270922,58.2646347491429,57.5052490846341,56.9175120464203,56.1806527998819,55.5738022980018,55.8042991323534,55.9475546457193,55.7394594996091,55.5828571428571,55.5828571428571,55.5828571428571,55.5828571428571,55.5828571428571,55.4969443847868,56.0532805377562,59.0417355608189,63.1710415724455,65.1684969642656,62.8098495603343,60.5921014913437,59.7835179489472,59.2812873091592,59.0165043092123,58.1018193601965,57.2190933841108,56.4409251695129,56.8711707726327,57.0787070018386,55.5828571428571,55.5828571428571,55.5828571428571,55.5828571428571,55.5828571428571,55.5828571428571,55.4654535539566,56.5979778283519,60.3070398118545,64.6473972902444,66.5814993458838,63.2477334690386,60.3754532118705,60.0954994821033,59.6888143076587,59.2028189145783,56.9915906878142,55.6061778934321,54.8712179989479,54.3338576917081,55.5828571428571,55.5828571428571,55.5828571428571,55.5828571428571,55.5828571428571,55.5828571428571,55.7588786658665,55.207579236304,57.7301433128204,62.0918454918018,66.6595977669246,67.5212207245616,62.8408499611112,61.0729713166111,60.707425997618,60.0632084530655,58.6922189569325,58.0145517862675,56.9688176827095,55.8728489888004
46,54.6473643819761,50.7817685612856,49.9216244823258,46.2480367441996,40.5449548606965,34.9926537381282,29.942783297759,26.8917059317509,24.239979482535,22.2196944560751,20.1872984080242,18.5919942633746,16.4558556850547,14.4907968671154,13.0321544157657,11.7774258120713,11.0339322521803,10.3815210927355,9.87747286215379,9.50825271187957,55.5828571428571,55.5828571428571,55.2210485965665,51.142672398024,47.9913125272826,45.1217824756243,38.924506300801,31.7226306981834,28.0469085109109,24.0295485836802,21.6138753572917,20.6071158559909,18.4672307450066,17.0766787176087,15.6244194977853,13.661932777699,12.3983326379499,11.3444523356029,10.7661468702467,10.5229784285844,55.5828571428571,55.5828571428571,55.5828571428571,55.5828571428571,52.6360248361506,47.8527927805557,45.7843523075984,40.0221539280714,32.4369036834652,26.8743287232195,23.7420867139063,19.4137873120334,18.6843648998403,16.0609888335494,14.7160077966122,12.9541532148442,11.4681307805229,10.3364476705626,9.45187515973658,9.00257507801036,55.5828571428571,55.5828571428571,55.5828571428571,55.5828571428571,55.5828571428571,52.5379779288408,47.3050015695859,45.0645369123512,39.1979551277195,31.4349005067507,25.7404710116918,22.2920714621257,18.2876867739343,16.7290033609888,15.6263060809335,14.5877557113691,12.0234399807513,10.4517795403613,9.4684760382864,9.28387430129089,55.5828571428571,55.5828571428571,55.5828571428571,55.5828571428571,55.5828571428571,55.5828571428571,51.4906501237109,46.4055478432367,43.0808259636124,37.0305820155829,29.0926681418525,24.6985647259673,20.5425738441917,16.6165591752653,17.0834501630736,14.9608661440422,13.7398331074674,11.6001585144132,9.7647264897325,8.59785833971775,55.5828571428571,55.5828571428571,55.5828571428571,55.5828571428571,55.5828571428571,55.5828571428571,54.4918051521695,49.2835918731446,45.2088074258951,40.31163623305,33.5257109134948,26.3488535395084,22.9446295848287,18.0695116164249,16.003677368942,16.3761519412595,12.8072677997754,10.6885478831884,9.976301552504,9.2759436140192
44,56.0996919613023,57.734104529708,56.1573513616756,50.0542966369532,44.8340419362157,42.3897191452262,39.8444476048691,38.2251597709024,37.9940781260414,38.9494654137902,39.6859451296446,39.5910351219179,39.385640381688,40.0150505269774,40.0701639250632,39.9028024017747,39.9356005750048,39.9144928409313,39.8361076738135,39.7471431348146,55.5828571428571,55.5828571428571,55.7603280276389,57.7969664102557,56.3582190343595,50.0434148706823,42.0511580218413,37.5974462887801,35.7476751384793,35.1858712709452,35.1687934181496,37.3715294276991,38.8210082348086,39.9614778824009,40.2673791917627,40.8398005919334,41.3016749611812,41.9109418887305,42.3654862137932,42.7565116252358,55.5828571428571,55.5828571428571,55.5828571428571,55.5828571428571,57.0097601751466,57.6681145858039,52.3166530424096,44.06103580831,37.0347659455228,33.7379385605172,34.3738723540965,34.8208518194293,37.09512323706,39.8540404678936,39.1766554525225,39.0336011147666,39.5878724585239,40.8083356246308,41.7023056817073,42.4965779432348,55.5828571428571,55.5828571428571,55.5828571428571,55.5828571428571,55.5828571428571,57.0569008714073,57.5393161622512,51.9444391269205,43.7595743606221,36.0236748411211,32.3563177320267,33.9012327601915,34.5562741755422,37.7356917948659,40.9011155472341,42.0396010832948,42.9220359986444,42.898012678715,43.9952547239806,44.7444599335393,55.5828571428571,55.5828571428571,55.5828571428571,55.5828571428571,55.5828571428571,55.5828571428571,57.4172751800038,56.65033084918,50.0496832615926,41.8094845697131,34.1683497987802,31.3568061849052,34.2760837689312,35.0043703256236,37.9018099313957,41.4500299767781,43.2997182249943,43.4457567505067,43.9143201655135,43.9477647227111,55.5828571428571,55.5828571428571,55.5828571428571,55.5828571428571,55.5828571428571,55.5828571428571,56.2505314791927,57.8364098811998,54.5404102598653,46.8255901938644,38.8723431024213,32.0676429916239,30.9488577259691,34.1480517365354,35.7321768321994,39.1329963069888,43.1878647444273,45.6422728619332,45.458911362508,45.9506034720977
12,55.5912226432813,53.6069299967004,53.3884154520161,52.0243274578441,50.7938787659804,48.1656726820566,44.4233348115368,41.8109428418907,38.3406706280995,35.0860088664747,33.5443307718308,31.9238556738718,30.3330464454016,29.0660634770774,28.0335933572804,26.9969107220244,26.1862771593929,25.6153606456667,25.2229202755645,24.9420518203925,55.5828571428571,55.5828571428571,55.66116230465,54.2225694363341,54.2696457632931,51.9433228385119,49.9116926394698,48.578129308867,45.9404003847459,43.1239299566268,40.7411709514862,38.513506024235,34.947627601608,33.0206125992751,32.1262162893628,30.5162270231326,29.2504708976095,28.1983658014377,27.4425275098161,26.8270345595521,55.5828571428571,55.5828571428571,55.5828571428571,55.5828571428571,55.1897637715911,54.3001221240811,53.3248153402014,50.0112768230357,49.1775265294999,47.0143956404799,45.1521732285603,40.7585421977223,39.2539669279234,36.0651123144155,33.6298354796967,31.7992617142566,29.3531674596273,28.4086135181334,27.4022200210369,26.5672159052353,55.5828571428571,55.5828571428571,55.5828571428571,55.5828571428571,55.5828571428571,55.3695500186244,54.4354582195654,53.780378888197,49.8327256266179,49.0532135251947,47.5070610485375,44.5533525573985,40.1438924559502,37.7136519538918,36.0347191226292,34.1971875418685,30.9870427925882,29.1770593150728,27.7999798135109,27.5145559538854,55.5828571428571,55.5828571428571,55.5828571428571,55.5828571428571,55.5828571428571,55.5828571428571,55.0089926672707,54.7791956163864,52.774245701857,49.0892435484852,48.8518527938897,47.1750152557303,43.46512150434,37.9187865825288,36.0829986404239,34.4209947588931,32.2561548681557,30.2617434297631,28.393903714071,26.980847113429,55.5828571428571,55.5828571428571,55.5828571428571,55.5828571428571,55.5828571428571,55.5828571428571,55.8706556884855,54.243659560581,54.835710988191,51.1806300356533,48.6559019689357,48.335075114261,45.9314367784208,40.833010542593,36.3743377493273,36.199962737068,33.60319739927,30.0373335828942,28.7809683562535,27.7469658336464
48,56.28243610546,58.7752261788747,58.4709042869255,55.2369313217804,52.4015825442817,50.1270748240252,46.2131129485916,41.1558681920153,36.2119537756396,31.7819505891677,27.7625863541764,25.1185989258144,22.1554403369908,19.682654172326,18.1298356544952,16.9846765486942,16.3270605169705,15.8814832764173,15.5672006957696,15.3291006825995,55.5828571428571,55.5828571428571,55.8296331957137,58.3323091441816,58.2661374174426,55.0156527956273,50.8846034523741,48.1300942088165,45.8672723753959,41.9307481616132,37.4905496001843,33.5762570067224,28.6753130488114,24.94142097981,22.6673539723262,20.4833745094654,19.0093688824688,17.7210604844174,16.5951605645636,15.5365495990729,55.5828571428571,55.5828571428571,55.5828571428571,55.5828571428571,57.1534542480805,59.3914948305823,55.554375055799,51.3286647278725,47.4011675469625,43.9711941109512,41.1015073810394,37.7053080666316,34.0370268439923,31.4715160282687,26.9095145330827,24.5538059008665,21.7266825690688,19.494609866461,18.209258610149,16.9923379750779,55.5828571428571,55.5828571428571,55.5828571428571,55.5828571428571,55.5828571428571,57.0924257993229,59.3627444951152,55.1932032136636,51.4673148931055,46.7136284066892,42.2072064135203,38.5340883138353,35.2380029710565,32.9561339645508,29.7203775981533,26.3932793609978,22.3440773473848,20.1418002451971,17.9598916001943,16.1463441313638,55.5828571428571,55.5828571428571,55.5828571428571,55.5828571428571,55.5828571428571,55.5828571428571,57.7300466084342,59.1273431741191,54.6119799257431,50.0713048748793,44.6878389979292,40.2990091026693,35.9691763900932,32.820837278999,31.0160693441806,26.9734532235866,24.0715562237158,19.4553118844917,16.9566879819486,15.5023063470875,55.5828571428571,55.5828571428571,55.5828571428571,55.5828571428571,55.5828571428571,55.5828571428571,56.4746149959584,58.834259269662,57.9455245157964,53.7135701278106,48.2395227454785,41.8820768912084,37.6619361902499,33.4999942160881,30.6125440635408,28.1527703793033,21.9904855033071,19.5356340281921,16.667833895752,13.7259727843717
23,56.1501940942092,58.9381073248612,59.0174335486341,55.6552115256541,55.0877521523973,55.494519379653,56.3399338706213,57.8031932645302,58.9654972366677,58.7944840567498,58.8984114576879,59.311050674199,60.1287990572842,60.0949558290889,60.3225429777816,60.5876047076901,60.7311775712167,60.8691719163366,61.0356477480215,61.1720877224573,55.5828571428571,55.5828571428571,55.8175646976138,58.0177530618371,61.0040647188685,57.997622489387,54.5748130624972,53.9403276272884,56.0681045091983,55.9444207757783,55.7065017672926,55.5531565831101,55.9874593279461,57.8351836384515,61.1468835224085,62.73143112027,64.1405455280233,64.9256703434653,65.2913617993861,65.4923737959495,55.5828571428571,55.5828571428571,55.5828571428571,55.5828571428571,56.7244144480871,61.1628643474976,59.7430920887637,56.5875344796009,53.8863311884426,54.51947643797,56.0002650295883,55.9985402494219,57.9639842089703,58.4067687211769,59.5907973952988,62.8619274461501,65.5001965936444,67.4952601521194,68.6046582358099,68.96955768258,55.5828571428571,55.5828571428571,55.5828571428571,55.5828571428571,55.5828571428571,56.5821773860968,61.3570331366044,60.5277602972387,57.8249648010527,54.9716089222609,55.2974296994886,56.5632338070033,55.6390466107397,59.9102794004393,61.3637351173673,62.7370329492656,64.230353936069,66.0591730513788,67.6372998063241,68.2047427376717,55.5828571428571,55.5828571428571,55.5828571428571,55.5828571428571,55.5828571428571,55.5828571428571,56.7561661105136,62.1255402172113,61.1644500715562,57.6242105819599,56.0303625175507,56.3258006842091,55.7273557853403,57.5741079250093,62.4710380134315,62.6297022775454,62.4938954503867,63.667179066789,64.5110563987145,65.1960420786903,55.5828571428571,55.5828571428571,55.5828571428571,55.5828571428571,55.5828571428571,55.5828571428571,56.3780363460276,58.1834770865822,62.2874722069122,61.5697533016357,57.7745453890337,57.075338563677,57.9391756354976,56.5676785294364,60.6759824794309,62.1415034269326,60.6347974159535,63.2355416041452,63.1895370295784,63.9161525660359
76,54.8203430287784,52.1414605643001,50.692900809638,48.0355142605526,46.7753676534065,45.9806742568128,44.8120897205222,43.7113213123496,42.5931361134809,41.7016965447288,40.7453500097202,40.7021814253567,40.3882351815682,40.5140135568438,40.7241787044879,40.9560297560349,41.0231398154118,41.0866093672378,41.1345963228044,41.1593873549604,55.5828571428571,55.5828571428571,55.4223081906105,52.5606758249809,50.4280615578453,48.604434614747,47.4539648407288,48.7415072423786,47.6646984716057,46.9807638486649,47.3009581200148,46.5103651218356,46.78635002137,46.8373645564511,46.7913621065443,46.2635357216946,46.0497505952792,45.6319741774998,45.3590800668249,45.2023626566103,55.5828571428571,55.5828571428571,55.5828571428571,55.5828571428571,53.2406488297607,50.4972405013686,49.6194828873282,48.3388357327615,49.8468434669494,51.3084498673534,50.111250568831,49.1295537547066,49.2549542320343,48.3869505390729,48.6992734910335,48.7749142794428,49.1940543069238,48.5957311715825,48.2540106811709,47.7570376331275,55.5828571428571,55.5828571428571,55.5828571428571,55.5828571428571,55.5828571428571,53.1285864900905,50.3934082813398,49.8740677789326,49.0882558018737,51.0988083334488,53.1539797308985,52.2389466582209,51.2490661630909,51.5784091928222,51.8799702748391,51.3980509029061,51.1705238681055,50.1520247164944,49.5782873695588,49.1859055133547,55.5828571428571,55.5828571428571,55.5828571428571,55.5828571428571,55.5828571428571,55.5828571428571,52.528417552935,50.5717792744861,50.2359781830152,49.502141482342,52.5370469954271,54.4955143668441,53.7822388996454,53.201331939164,53.162381925458,54.427887509009,53.2242659032361,52.5655644690681,52.0470063818028,51.4455062048315,55.5828571428571,55.5828571428571,55.5828571428571,55.5828571428571,55.5828571428571,55.5828571428571,54.8900136456092,51.4905119856247,50.6078166200661,50.1587262358619,50.4957216727302,54.4897818466487,56.6034153954132,55.3788583902413,55.3575796365215,55.2664624326663,56.4702146480338,55.6153060286865,55.3309295645332,54.8033144810268
119,55.8561757558332,56.2614118582845,59.5011425152046,60.6177156267281,60.57952496094,60.6168662770877,63.1439894003705,67.0698646177702,70.4533792213242,72.8168272890329,73.9394478530575,74.8530758117295,75.6072384921168,75.7143547427861,75.5940307416945,75.8273016335208,76.1486356487967,76.4472798116126,76.6909277795516,76.8675870969382,55.5828571428571,55.5828571428571,55.5948268931744,56.5560615023659,57.8567908121173,60.9015940882177,60.0707262999287,59.3730006535327,63.7960351904925,67.5983224535344,70.7309505143437,73.0329369706438,73.7882410359313,74.0473623560401,73.9647479285822,74.0036633546234,73.8457890816164,73.6862187601668,73.6144517752581,73.7692145128841,55.5828571428571,55.5828571428571,55.5828571428571,55.5828571428571,56.5854012180393,56.0573176971275,60.8725805373001,59.9570077620672,59.0017654177948,62.6480144841992,68.0796609800004,72.4769451646513,76.139586822054,76.4945831768232,76.9996154689253,75.3215447124044,73.971198956487,73.1739375467352,73.0127964158052,72.934003652419,55.5828571428571,55.5828571428571,55.5828571428571,55.5828571428571,55.5828571428571,56.626140160681,56.0855379987571,61.0432809727937,59.9000787425618,58.7933682904789,63.9317804372237,69.5012578111835,74.5410383273163,79.0111636416364,79.3573612686116,79.935156123634,79.2367276286671,78.4546018074055,77.9075021728293,78.1494632060632,55.5828571428571,55.5828571428571,55.5828571428571,55.5828571428571,55.5828571428571,55.5828571428571,56.9889685010338,56.5909707058995,61.2348996169915,59.1202981622562,58.5226818445992,66.1346725975332,72.2794807509925,76.7200736792309,81.5843174699095,81.4839476794582,80.9029443289377,80.4884743265236,80.6288898022106,80.7319159458954,55.5828571428571,55.5828571428571,55.5828571428571,55.5828571428571,55.5828571428571,55.5828571428571,55.7509743375634,56.7668989143467,58.5676903240392,61.2943545111597,58.2915835694967,60.0964604053229,70.1992717099752,75.5397575608585,80.1604940524706,82.7375191849671,83.2875404898725,83.3434009483617,84.6955595151376,84.3694424959824
118,56.0391873863082,60.8158013733606,63.0586721991475,64.0944759266816,61.6673631292402,57.251678871186,52.3406545844091,47.1216431216419,45.0264581652803,44.573143247755,43.9388385487981,43.5533871965218,42.76998865009,42.1387232359616,41.5055674604252,41.0256175622995,40.7155156438448,40.288154713587,39.968411801019,39.7284083769961,55.5828571428571,55.5828571428571,55.5614626595112,60.5732522557301,62.8861292688718,63.2556615761604,62.2155211693595,57.9122256593264,51.9454316871374,45.8654805399029,40.5139218564326,40.2940568023222,40.8606278272707,41.5132660454343,41.550847612009,41.4966747944397,40.7784256987724,40.2091267330746,39.8125868208058,39.4042274499531,55.5828571428571,55.5828571428571,55.5828571428571,55.5828571428571,58.523781642114,62.9314209104631,62.9461341234986,61.3996217016231,58.4827811266316,53.1446804352707,46.1930671207909,40.0356975246908,35.3595827662601,37.3370159920641,38.9919010415057,39.9098078702549,40.5541828422533,40.2644824737935,39.7174208718892,38.8954699784293,55.5828571428571,55.5828571428571,55.5828571428571,55.5828571428571,55.5828571428571,58.495862957146,63.0150253044681,62.4739994586005,60.8341033875031,57.7901160035938,52.2705193934756,44.3832113952514,37.861849825307,32.2534800014636,32.487763379047,34.6383757221447,36.6363546596469,37.3594384287591,38.3499867318623,38.0687644817124,55.5828571428571,55.5828571428571,55.5828571428571,55.5828571428571,55.5828571428571,55.5828571428571,60.0134232049963,63.0098150153247,62.0323976351749,60.0079586992522,56.6588418040036,49.9939986045357,41.4386571994601,34.2407061016694,29.3456791131003,28.6150795413431,30.212051049822,32.2467662118838,32.8821493699542,33.0675487999078,55.5828571428571,55.5828571428571,55.5828571428571,55.5828571428571,55.5828571428571,55.5828571428571,55.5617849085066,61.9832038324229,62.8504180069765,61.7077327226418,58.6883453072394,54.6920872655213,46.1616877798883,37.6646800136641,30.7821305759492,27.8663472243127,28.3219435182525,29.586937114078,30.548131477479,31.0357543993899
2,55.9334058202793,58.9185976594768,62.451242660872,58.1532255273679,53.1314814783661,47.6919423528674,40.571047929666,33.4184677231893,29.8382881115471,26.974082181382,25.2184528141704,23.8491816118922,24.0071343810914,25.0363665283909,26.1655331010064,26.5672568274071,26.4427797444016,26.4651732427275,26.4193451248962,26.398006850624,55.5828571428571,55.5828571428571,55.6522444044038,58.0362490409395,63.7971034459577,58.7607340549669,50.7750018935785,45.3213055202295,39.344485283833,31.4332437577756,27.6433195018533,26.8309883728864,25.733056639539,25.4038976480458,25.7123891572181,25.8205519976209,25.4732300877947,25.1986096132256,24.8371936699652,24.4365146527259,55.5828571428571,55.5828571428571,55.5828571428571,55.5828571428571,56.830995908649,62.3480006138542,61.7308857206157,51.6736610549263,43.6411357585964,38.6296440911946,31.4187101705936,26.9525807008226,26.5051251854427,26.666712773653,26.2363070165858,27.1042146667498,27.315474839269,26.8962959842758,26.4878357610239,25.4852344578797,55.5828571428571,55.5828571428571,55.5828571428571,55.5828571428571,55.5828571428571,56.8924901844496,62.1652321243062,62.0925374924341,50.8898585727517,41.2652498087443,35.7746296423003,28.4887010791444,25.505831317865,24.3057979804199,24.973485728206,25.7578461648016,26.986153112989,27.2027704231215,25.9176495530359,25.009422217266,55.5828571428571,55.5828571428571,55.5828571428571,55.5828571428571,55.5828571428571,55.5828571428571,57.5780935237781,63.5584755325825,60.3858559179599,47.8369055599989,37.4358132896751,31.8253016438001,25.962153117177,22.8805666808377,22.4266618776709,21.5381424597814,22.6605344129579,22.2359872059023,20.8275410864658,20.288205927192,55.5828571428571,55.5828571428571,55.5828571428571,55.5828571428571,55.5828571428571,55.5828571428571,56.0001940149857,59.0407654973444,64.6645309630933,56.4856828983063,43.0118294166489,33.1662814548477,26.016204128419,22.9400694608693,20.6491691421279,20.1780318381499,18.8531629630217,19.9212436143234,21.300248020323,20.4938229896457
19,55.3078415975069,55.0913691901384,56.7011404543424,57.9614518895962,56.6174228219961,57.9847004238197,58.2461825137055,58.4129986556284,57.020204134842,55.7592104123889,55.0588587024661,54.8617392014067,54.7082122197853,54.9814691767693,54.8935639152558,54.8499862448604,54.6817883968927,54.4859670279333,54.3863623335529,54.2899374247671,55.5828571428571,55.5828571428571,55.4751787778517,54.665932666228,56.0813900941633,57.6271899372597,57.4111811856826,56.8613008738094,57.9237958513166,58.7121092597509,57.8568375846537,56.4192299200115,55.4513897992211,54.3612257282294,52.7787692926425,52.3667961286186,51.8713998520274,51.513273208688,50.9148828955805,50.4624634942541,55.5828571428571,55.5828571428571,55.5828571428571,55.5828571428571,54.4404972070854,55.0251920744578,58.0964808238665,58.8086513173916,56.3076098535635,56.1263186932225,57.1824002916793,57.9238333736471,58.3340226867845,58.2058934535579,56.7081310856073,54.7534713883265,52.5461858148464,50.8075009314428,50.0332944837506,49.7912473721399,55.5828571428571,55.5828571428571,55.5828571428571,55.5828571428571,55.5828571428571,54.3798523796519,54.8826188735221,58.1260682747922,59.5486553505086,56.5709394189177,54.4253172562911,55.3795331516119,56.8794177955809,57.444726736591,58.2059338654449,57.3817359684669,56.070244274016,54.507367079372,52.9693044440989,52.066904791057,55.5828571428571,55.5828571428571,55.5828571428571,55.5828571428571,55.5828571428571,55.5828571428571,54.0936736266034,55.2787115577794,58.3390183513308,60.0842169434795,55.7612645554534,52.916862435216,54.5723817093135,54.9082182152521,55.4416109632489,54.7645749352779,54.0231093143724,53.1296739838673,51.4107095235587,50.5560775719759,55.5828571428571,55.5828571428571,55.5828571428571,55.5828571428571,55.5828571428571,55.5828571428571,55.2747987522697,54.4574213051914,56.2301921035776,58.6356879200641,59.8451230176076,54.08569751808,51.3525597510619,53.1584570684585,53.1214156437484,53.6173185952734,51.9946290952597,52.3873887748731,52.7292388993352,52.2746957239194
11,56.3776775578437,63.1419120950526,63.8208909041926,60.7607632398601,55.3015069144596,48.0265134740875,39.2489417450836,32.921692573452,29.2936661579743,26.588747052912,25.1834283110226,23.6882201145559,22.253575773502,21.3363590151088,20.1468865000306,18.8573617117469,17.7944979752718,17.0688916954886,16.4537815963287,15.9284556280991,55.5828571428571,55.5828571428571,55.563025847576,62.6171218576857,63.9153425392955,59.7258717655956,54.0341132706955,47.1342837428337,38.9940556424189,31.285960265461,24.5939571990606,22.5013620351028,20.1885451199467,17.7848337414047,16.8197062494331,16.6205375919313,16.266641032157,16.0400114101169,15.9938677592921,15.976260521333,55.5828571428571,55.5828571428571,55.5828571428571,55.5828571428571,59.7835799038467,65.5311132591742,61.2646851051701,56.123948035181,48.5412232883098,41.9516934731783,33.7780538481664,25.906719318662,19.7431797760813,18.3954989194551,18.1066697492965,16.9222601993723,17.4277341120253,17.9527472928757,18.2600599881521,18.7653545688476,55.5828571428571,55.5828571428571,55.5828571428571,55.5828571428571,55.5828571428571,59.8363102636417,65.7180020916568,61.1044700145536,55.856688708223,48.12442804097,42.3355861973815,34.7041273025684,26.7193179381171,21.6201564243753,17.5112961820098,17.2184224517334,18.0299548620362,17.977987034089,19.5576630972681,19.775169097621,55.5828571428571,55.5828571428571,55.5828571428571,55.5828571428571,55.5828571428571,55.5828571428571,61.7617218899901,65.1202279641358,59.6392178582651,54.4819283358035,47.3565475807393,41.7995082250881,34.4513365841673,27.3553158792093,23.6508770567983,21.1017559708877,21.8629602298054,21.3701234827647,19.3165945856738,18.1132679760668,55.5828571428571,55.5828571428571,55.5828571428571,55.5828571428571,55.5828571428571,55.5828571428571,55.7969156788487,64.5367866400659,63.6173980076269,57.0409574948679,51.7433603186696,46.0959447226483,41.9892293440481,34.4485204548587,28.1237130403668,24.9926383161896,22.5676415020674,21.7223132971662,18.8967930454966,17.6057781759423
114,55.3999591845226,52.7899134329434,55.005098512449,56.7410099285443,61.1886713597165,65.2724514268876,69.0285609538056,71.2855869401729,73.0858905661893,73.3662453502253,72.8615442082077,72.6424795477965,71.8833698479401,71.2829122300235,70.6098296352728,70.0244323352953,69.7420626967536,69.48291782664,69.3000643484127,69.1692643898542,55.5828571428571,55.5828571428571,55.6709908471201,51.7206472591459,54.1783366974857,55.8249869354584,61.7275392437857,65.0996921647983,66.8329798343831,68.2809381092153,70.6692896258218,70.9266985869075,71.3129693635184,71.1865699889838,70.9034840210093,70.2894331349264,69.3944446728705,68.5111651006423,68.1721515475351,67.9730850841638,55.5828571428571,55.5828571428571,55.5828571428571,55.5828571428571,52.8563261508322,52.258404959028,54.397602114052,59.6957149253128,66.8115223986728,68.4817797932858,68.6373902950959,71.1038991192166,71.9936642968577,73.0455173516548,73.5398349645273,73.6648050303324,73.0713451007309,72.3141863457227,71.2633517894095,70.1989611686938,55.5828571428571,55.5828571428571,55.5828571428571,55.5828571428571,55.5828571428571,52.6014755104888,51.9204106425171,54.8032996107418,60.4715145098189,68.7437470830858,71.1705214717894,71.2486207994189,73.1336150299691,75.1034723958411,75.0348230792344,74.8191721074446,75.0775308869047,74.049300292142,72.9389628011044,72.3295240253749,55.5828571428571,55.5828571428571,55.5828571428571,55.5828571428571,55.5828571428571,55.5828571428571,51.0834400653625,53.3775805274312,55.9997793282752,62.4632611921844,71.2119958212085,72.9203540436941,73.3439231104831,74.8372492595173,75.8186530808154,76.0496926163643,74.0463514372594,73.6780668655516,72.7372190380755,72.163364472791,55.5828571428571,55.5828571428571,55.5828571428571,55.5828571428571,55.5828571428571,55.5828571428571,55.7835306053376,49.6440127841766,55.2173204231164,58.040920932404,66.459365454804,74.1056508802232,74.1603714468563,74.8298182488677,75.6667722485105,77.1354545391582,77.9240907836952,75.8212393449906,74.9003254132911,74.7456899125219
148,55.9602344176687,58.4581061081869,61.9298643143236,63.7867954786516,67.9518508713914,69.7511329701859,70.122586046606,71.0255654745326,71.3199441122194,71.0198065219576,70.8603995526548,70.5202569855872,70.5393287909898,70.8636910824043,71.2943432656749,71.9758728171612,72.3447183171561,72.7216825828461,73.0397072411394,73.286429497218,55.5828571428571,55.5828571428571,55.6651886150803,58.0453622596201,62.4879299415918,63.9352744836174,65.0404795205464,66.940910233277,65.9496804840142,65.1665015006558,66.5458739511381,66.1424652952522,64.9208944341136,65.0140287430842,66.3779017655935,67.2931766746428,68.0449125340122,68.6096473391807,68.9342056923594,68.9938545857053,55.5828571428571,55.5828571428571,55.5828571428571,55.5828571428571,56.9390886843818,60.6095109033227,64.4056785039031,63.9798802516842,65.1051881327939,65.5294574106362,63.2714946769151,60.8073689657879,60.5047659431622,58.8204162863116,58.9923888869224,61.2152869104075,64.1267096374257,65.7292237375954,66.8368647055044,67.3213127029261,55.5828571428571,55.5828571428571,55.5828571428571,55.5828571428571,55.5828571428571,56.8347185973354,60.5494003737092,64.9360237394524,63.8997771411978,64.0836913934508,63.9089026221801,61.9402634592936,58.0573077933541,55.7278899743102,54.184589528026,55.1923441029077,56.838137439252,58.6525446341826,60.0673082986529,61.2328134442542,55.5828571428571,55.5828571428571,55.5828571428571,55.5828571428571,55.5828571428571,55.5828571428571,57.4543341246217,62.1414747884533,65.3718983248566,63.4134385623437,63.3904695741382,62.3268692514871,59.667485110702,55.8568844581934,52.4113129436085,52.0185558407429,53.487244427885,55.5437750838701,56.7773390791405,58.2770397719176,55.5828571428571,55.5828571428571,55.5828571428571,55.5828571428571,55.5828571428571,55.5828571428571,55.8525222943397,58.3190342219069,64.3975728246965,65.4797032736407,62.7083782850326,62.3824393613689,60.5382680862804,57.162467804719,53.1521269934942,51.5804585711793,50.5570702016988,52.8879636180237,56.0428696697902,57.4135559860927
93,56.1805629318471,58.5926319872534,59.947617919834,61.155203470031,63.5510845066353,64.4181180642545,64.3762085175017,65.0469325418439,65.8574098906886,66.2933442258521,66.45664070384,66.0581690077231,65.5137190137857,65.2862614654081,64.7085064910567,64.1694568058441,63.7572409286525,63.5481072923358,63.3679970075081,63.2206138349782,55.5828571428571,55.5828571428571,55.7061409484339,58.5813194911639,60.684531774543,62.059728347587,66.1440268265991,67.6390481242032,67.9710334443102,65.3520566866813,65.4981572690361,65.9201902616694,64.6003725150839,63.7717747720218,62.5256276850476,61.2626526719945,59.9188091253578,58.6648518958929,58.0256649129723,57.6393473281874,55.5828571428571,55.5828571428571,55.5828571428571,55.5828571428571,57.7515738819857,60.8448466428474,61.3886417934986,65.0973838011353,68.5929761816524,70.4518240385441,67.6929021072609,65.397627015307,64.31145740957,61.6877254190002,59.6135837121009,58.4178457067125,57.3926376135431,56.2326133039342,55.4247123323019,54.7233980725328,55.5828571428571,55.5828571428571,55.5828571428571,55.5828571428571,55.5828571428571,57.8296216448168,61.236459372856,61.5464654571257,65.4869311888595,69.6580288656492,71.2220943732552,69.4504112592531,65.8586255657671,63.5329508723844,57.5757712100103,54.7348604876147,53.7180882781265,53.2891504943685,52.412789389215,51.5685464464781,55.5828571428571,55.5828571428571,55.5828571428571,55.5828571428571,55.5828571428571,55.5828571428571,58.6940162388958,61.5544379122241,62.3953270867326,67.2611867477564,70.5109051916055,72.1578602004756,69.0689443552169,66.405009045378,61.3911909734817,54.2619890841722,51.5480448567579,51.2388565192654,50.9565013146323,50.4895092951025,55.5828571428571,55.5828571428571,55.5828571428571,55.5828571428571,55.5828571428571,55.5828571428571,56.1301992300496,60.2702619547777,61.643384046048,63.9918982324983,69.9959970483066,71.7341709515829,72.5962380564641,68.8119661646009,65.3692877527667,57.842715166571,51.3659196381566,47.6558565092404,46.482155437904,45.4252975168193
29,55.6067774360969,54.8871321826383,52.0104096510091,45.8205312496642,39.7784455306216,35.2642522419158,32.2050671233162,30.5056108630238,29.6230788516841,28.9944892970679,28.8662025559653,28.8408220508802,29.1993460595618,29.1590796915174,29.1625884078786,29.1018683155097,29.111228083174,29.178919135977,29.209853643825,29.2211280271107,55.5828571428571,55.5828571428571,55.6615841302108,55.8252970914674,52.8653768865889,45.720198865552,38.2557216025096,33.6497049866784,31.1929017951454,29.8665485044713,28.826234575632,27.1020716866462,27.2797133060211,28.9937360505609,29.6303561751965,30.2269095476067,30.9348047062229,31.6225192594774,32.086217173996,32.6078213506312,55.5828571428571,55.5828571428571,55.5828571428571,55.5828571428571,55.929322239619,55.0880015842719,48.7400878079495,38.9625596206888,33.5642635270071,29.7748542501335,28.3484633902507,25.6471293352285,26.2885573728588,26.7751120583594,27.2745263675361,27.4311989174056,28.6138144490013,29.3502414410987,30.2061827259347,30.9627444178491,55.5828571428571,55.5828571428571,55.5828571428571,55.5828571428571,55.5828571428571,56.0263992027507,55.3449763432276,49.0592510688965,38.7397292756888,32.5807484047871,28.7304237284066,26.3188201195145,23.9420944941667,25.6703395559197,29.8218090711333,31.1506198874069,31.5910795875489,32.0764498715785,32.6130051981257,33.4548177779893,55.5828571428571,55.5828571428571,55.5828571428571,55.5828571428571,55.5828571428571,55.5828571428571,56.3257787899145,54.7079913653513,47.1944772146932,36.5767715221015,31.109954022752,27.5271528507163,24.6974245640704,23.0342330615877,26.7041174031931,33.2488832097135,34.1392203209317,33.970165524132,33.7001801675307,34.1243781694931,55.5828571428571,55.5828571428571,55.5828571428571,55.5828571428571,55.5828571428571,55.5828571428571,55.813763407914,56.044710241588,52.6301481584694,44.0914947694641,34.4658003437099,29.2190581553645,26.1103201023367,22.7678428529595,23.0706440606846,30.5553975975377,35.4365654765309,36.9264250152218,39.4171541572785,40.4405114650566
101,55.9814833705663,56.1460552507387,57.1559465563105,59.6954899002146,60.0220133396644,59.6676022501868,60.3231288562208,60.5375121312696,60.2888986042911,61.1286149714356,61.7076562617591,62.5891865025094,64.2222743295338,66.1094848865029,67.0222473113655,67.6116191654757,67.9776895415341,68.2389715860534,68.4555974852456,68.629554574337,55.5828571428571,55.5828571428571,55.7435372331573,56.4710360493803,57.3649205073301,60.9011532915896,62.5455208237192,61.0069395963976,61.7796082421558,61.1189893375026,60.5078331485067,60.2794151641361,61.7677587635814,62.9061622586605,63.3544562910424,64.4090697307042,64.9021004665874,65.3365401952114,65.8473729296194,66.3213736441324,55.5828571428571,55.5828571428571,55.5828571428571,55.5828571428571,56.4315892816857,57.1388448049003,60.0927819850499,63.5014181569355,63.1868899243107,62.1378327550501,62.4842769125891,60.2874145256981,59.7277660430613,60.4700071898453,61.2848319874484,61.2369203080966,61.3089990733084,61.2512774551331,61.5729302527765,61.915240568786,55.5828571428571,55.5828571428571,55.5828571428571,55.5828571428571,55.5828571428571,56.4545510961464,57.3239281498646,60.3830458019668,64.2462336168392,64.5720631263441,63.0754473942217,62.6267699209825,60.9567218717148,59.4107039314302,61.1973036495435,61.8977533724548,61.5758524376841,62.0160991663515,62.4441062468598,63.0797352180319,55.5828571428571,55.5828571428571,55.5828571428571,55.5828571428571,55.5828571428571,55.5828571428571,56.6229816825088,57.6784607981863,61.8493471859445,65.3437925024558,65.0857856562923,63.6846548646569,62.4607844070438,60.9947784790519,60.8537389888561,62.7037583178922,63.3935898230699,64.5315827625537,65.5478913352712,66.0044276551182,55.5828571428571,55.5828571428571,55.5828571428571,55.5828571428571,55.5828571428571,55.5828571428571,56.1005517174577,56.7235911649831,58.4540537057161,63.8308877320935,66.7437972176719,65.3934815719346,63.8770887387526,62.0245195305599,61.0020485868184,61.8736417182659,63.1826435900406,64.864114251283,66.2721369326582,66.2407960983185
92,56.2898587655151,58.7797604342782,61.1184071027213,67.2919034127247,76.5043732954495,85.2595767931187,89.9830453129093,92.3106445584907,95.8782640781051,97.834848965648,99.9216385383743,101.870883885757,102.446412655259,101.902892559639,101.982841061036,101.86554360612,101.422767015984,101.083247986159,100.781799913035,100.586922597122,55.5828571428571,55.5828571428571,55.7911631641047,59.0923880424926,61.801157371569,67.7572054269799,78.7311181391425,89.3816320223611,95.0992432067572,97.5862984773517,99.3587891426907,103.776157279144,107.011593244358,108.542445026537,109.992114867905,110.512897480644,110.486465866921,110.354650732505,110.248942494664,110.015680172403,55.5828571428571,55.5828571428571,55.5828571428571,55.5828571428571,58.1594147662231,60.7184668534132,65.5560729974492,75.3665030481329,87.0623698342515,94.6113351235027,97.52003090066,102.312180494617,104.364311576151,109.038045571034,112.088781246653,114.258709538743,115.876454819194,115.948643699388,115.80282044093,115.481212628875,55.5828571428571,55.5828571428571,55.5828571428571,55.5828571428571,55.5828571428571,58.373839236575,60.8849363212105,65.6600554175585,75.6954027402309,87.2489484742474,94.8760358741004,98.8277456637615,102.772462216474,106.262475738574,109.176147133772,112.095525799647,114.636210947597,115.420833365271,115.245462976719,114.936697081887,55.5828571428571,55.5828571428571,55.5828571428571,55.5828571428571,55.5828571428571,55.5828571428571,59.3771931841649,61.2836789384064,67.8399827149621,78.4822827628094,88.6883708382648,95.2802324612782,100.431946979528,103.464017841847,105.019073730225,109.189234467471,112.600159107226,114.493303157649,114.986091489,114.93831852807,55.5828571428571,55.5828571428571,55.5828571428571,55.5828571428571,55.5828571428571,55.5828571428571,56.3500144445275,60.9169374234187,62.5916204333344,71.3997905797105,82.3841708882223,90.6691869370505,96.7992860611533,102.029814165834,104.251492407799,106.219901827884,110.846854440687,112.351692724164,113.305716403003,113.754309970931
